<?xml version = '1.0' encoding = 'UTF-8'?>
<FKIndexAssociation class="oracle.dbtools.crest.model.design.relational.FKIndexAssociation" directorySegmentName="seg_0" id="6B1E70A6-86C8-0726-6C24-510DDFD4213E" containerWithKeyObject="89D1821D-FEE8-82AC-29D8-D86B8AF5E927" localFKIndex="CAEC7FC0-4D7B-EB92-DAD0-7835AD33FD57" name="doctor_prescribe_procedure">
<createdBy>kr</createdBy>
<createdTime>2019-04-30 08:37:21 UTC</createdTime>
<generatorID>11F6D856-722A-E193-2D3F-FED8023E0F1C</generatorID>
<ownerDesignName>mh_logical</ownerDesignName>
<referredTableLongName>DOCTOR</referredTableLongName>
<deleteRule>NO ACTION</deleteRule>
<referredTableID>3178365F-5CA1-7D3F-6399-8D6EAF7BD94A</referredTableID>
<keyObject>931EAFC1-4F0C-FCB5-0183-58026936709E</keyObject>
<referredKeyID>931EAFC1-4F0C-FCB5-0183-58026936709E</referredKeyID>
<mandatory>true</mandatory>
<refColNames>doctorID</refColNames>
<transferable>true</transferable>
<rely>false</rely>
<columnDependencyConstraintGenerateInDDL>true</columnDependencyConstraintGenerateInDDL>
</FKIndexAssociation>