<?xml version = '1.0' encoding = 'UTF-8'?>
<FKIndexAssociation class="oracle.dbtools.crest.model.design.relational.FKIndexAssociation" directorySegmentName="seg_0" id="B9041971-D83E-237C-9A01-09F7E5274FD9" containerWithKeyObject="89D1821D-FEE8-82AC-29D8-D86B8AF5E927" localFKIndex="9897A788-599B-A5B4-1341-021923C2D1C2" name="admission_procedurev2">
<createdBy>kr</createdBy>
<createdTime>2019-04-30 12:21:22 UTC</createdTime>
<generatorID>D78E7EE5-A733-029B-D767-2A0774CAE0B2</generatorID>
<ownerDesignName>mh_logical</ownerDesignName>
<referredTableLongName>ADMISSION</referredTableLongName>
<deleteRule>NO ACTION</deleteRule>
<referredTableID>551550AA-F2E2-4888-8533-06B1DD82EE4D</referredTableID>
<keyObject>33D21A8E-F966-41C3-68C6-CB489A2FA385</keyObject>
<referredKeyID>33D21A8E-F966-41C3-68C6-CB489A2FA385</referredKeyID>
<mandatory>true</mandatory>
<refColNames>admissionDate,patientID</refColNames>
<transferable>true</transferable>
<rely>false</rely>
<columnDependencyConstraintGenerateInDDL>true</columnDependencyConstraintGenerateInDDL>
</FKIndexAssociation>