<?xml version = '1.0' encoding = 'UTF-8'?>
<Entity class="oracle.dbtools.crest.model.design.logical.Entity" directorySegmentName="seg_0" id="1C7D0323-3EA5-559F-1A95-0E238FE8F631" name="NURSE">
<createdBy>kr</createdBy>
<createdTime>2019-04-30 07:10:59 UTC</createdTime>
<ownerDesignName>mh_logical</ownerDesignName>
<engineerTo>
<item key="4207B9EE-4BAA-7224-5DDF-9C76B030E7E9" value="true"/>
</engineerTo>
<adequatelyNormalized>NO</adequatelyNormalized>
<expectedVolumes>0</expectedVolumes>
<fwdEngineeringStrategyName>Single Table</fwdEngineeringStrategyName>
<growthPercent>0</growthPercent>
<growthType>Year</growthType>
<maxVolumes>9999999</maxVolumes>
<minVolumes>0</minVolumes>
<normalForm>Third</normalForm>
<attributes itemClass="oracle.dbtools.crest.model.design.logical.Attribute">
<Attribute name="nurseID" id="BCED73E7-5136-A30A-27F3-0490815D7926">
<createdBy>kr</createdBy>
<createdTime>2019-04-30 07:24:01 UTC</createdTime>
<commentInRDBMS>Nurse ID</commentInRDBMS>
<ownerDesignName>mh_logical</ownerDesignName>
<engineerTo>
<item key="4207B9EE-4BAA-7224-5DDF-9C76B030E7E9" value="true"/>
</engineerTo>
<useDomainConstraints>false</useDomainConstraints>
<use>1</use>
<logicalDatatype>LOGDT019</logicalDatatype>
<dataTypePrecision>7</dataTypePrecision>
<ownDataTypeParameters>,7,</ownDataTypeParameters>
</Attribute>
<Attribute name="nurseFName" id="BE8088EF-D2F3-B869-D792-B163BDF1E8C0">
<createdBy>kr</createdBy>
<createdTime>2019-04-30 07:24:08 UTC</createdTime>
<commentInRDBMS>Nurse first name</commentInRDBMS>
<ownerDesignName>mh_logical</ownerDesignName>
<engineerTo>
<item key="4207B9EE-4BAA-7224-5DDF-9C76B030E7E9" value="true"/>
</engineerTo>
<useDomainConstraints>false</useDomainConstraints>
<use>1</use>
<logicalDatatype>LOGDT024</logicalDatatype>
<dataTypeSize>50</dataTypeSize>
<ownDataTypeParameters>50,,</ownDataTypeParameters>
</Attribute>
<Attribute name="nurseLName" id="F9D8A50F-7728-249B-D57E-178085A1272B">
<createdBy>kr</createdBy>
<createdTime>2019-04-30 07:24:24 UTC</createdTime>
<commentInRDBMS>Nurse last name</commentInRDBMS>
<ownerDesignName>mh_logical</ownerDesignName>
<engineerTo>
<item key="4207B9EE-4BAA-7224-5DDF-9C76B030E7E9" value="true"/>
</engineerTo>
<useDomainConstraints>false</useDomainConstraints>
<use>1</use>
<logicalDatatype>LOGDT024</logicalDatatype>
<dataTypeSize>50</dataTypeSize>
<ownDataTypeParameters>50,,</ownDataTypeParameters>
</Attribute>
<Attribute name="nursePhone" id="2C6CB687-5514-96EC-62CE-DAB7642AB06C">
<createdBy>kr</createdBy>
<createdTime>2019-04-30 11:25:27 UTC</createdTime>
<commentInRDBMS>Nurse phone</commentInRDBMS>
<ownerDesignName>mh_logical</ownerDesignName>
<engineerTo>
<item key="4207B9EE-4BAA-7224-5DDF-9C76B030E7E9" value="true"/>
</engineerTo>
<useDomainConstraints>false</useDomainConstraints>
<use>1</use>
<logicalDatatype>LOGDT025</logicalDatatype>
<dataTypeSize>10</dataTypeSize>
<ownDataTypeParameters>10,,</ownDataTypeParameters>
</Attribute>
<Attribute name="nurseCert" id="F9820C75-869A-A0BB-1FC7-892A78FCC8E4">
<createdBy>kr</createdBy>
<createdTime>2019-04-30 11:25:58 UTC</createdTime>
<commentInRDBMS>Certification for work with children</commentInRDBMS>
<ownerDesignName>mh_logical</ownerDesignName>
<engineerTo>
<item key="4207B9EE-4BAA-7224-5DDF-9C76B030E7E9" value="true"/>
</engineerTo>
<useDomainConstraints>false</useDomainConstraints>
<use>1</use>
<logicalDatatype>LOGDT025</logicalDatatype>
<dataTypeSize>1</dataTypeSize>
<ownDataTypeParameters>1,,</ownDataTypeParameters>
</Attribute>
</attributes>
<identifiers itemClass="oracle.dbtools.crest.model.design.logical.CandidateKey">
<identifier id="4CFF9429-B40D-EBF0-28F2-9554B50CEF00" name="NURSE PK">
<createdBy>kr</createdBy>
<createdTime>2019-04-30 07:24:05 UTC</createdTime>
<ownerDesignName>mh_logical</ownerDesignName>
<shouldEngineer>false</shouldEngineer>
<engineerTo>
<item key="4207B9EE-4BAA-7224-5DDF-9C76B030E7E9" value="false"/>
</engineerTo>
<pk>true</pk>
<usedAttributes>
<attributeRef>BCED73E7-5136-A30A-27F3-0490815D7926</attributeRef>
</usedAttributes>
</identifier>
</identifiers>
</Entity>