<?xml version = '1.0' encoding = 'UTF-8'?>
<Entity class="oracle.dbtools.crest.model.design.logical.Entity" directorySegmentName="seg_0" id="3C3FDAD4-5B86-0B7D-A9F0-7863596D4A4E" name="PATIENT">
<createdBy>kr</createdBy>
<createdTime>2019-04-29 17:12:21 UTC</createdTime>
<ownerDesignName>mh_logical</ownerDesignName>
<engineerTo>
<item key="4207B9EE-4BAA-7224-5DDF-9C76B030E7E9" value="true"/>
</engineerTo>
<adequatelyNormalized>NO</adequatelyNormalized>
<expectedVolumes>0</expectedVolumes>
<fwdEngineeringStrategyName>Single Table</fwdEngineeringStrategyName>
<growthPercent>0</growthPercent>
<growthType>Year</growthType>
<maxVolumes>9999999</maxVolumes>
<minVolumes>0</minVolumes>
<normalForm>Third</normalForm>
<attributes itemClass="oracle.dbtools.crest.model.design.logical.Attribute">
<Attribute name="patientID" id="87707804-2DCD-F540-CBBB-08F82E61F07A">
<createdBy>kr</createdBy>
<createdTime>2019-04-29 17:12:30 UTC</createdTime>
<commentInRDBMS>Unique patient ID</commentInRDBMS>
<ownerDesignName>mh_logical</ownerDesignName>
<engineerTo>
<item key="4207B9EE-4BAA-7224-5DDF-9C76B030E7E9" value="true"/>
</engineerTo>
<useDomainConstraints>false</useDomainConstraints>
<use>1</use>
<logicalDatatype>LOGDT019</logicalDatatype>
<dataTypePrecision>7</dataTypePrecision>
<ownDataTypeParameters>,7,</ownDataTypeParameters>
</Attribute>
<Attribute name="firstName" id="35B371D0-8C00-3A34-9916-F38EFBD6018A">
<createdBy>kr</createdBy>
<createdTime>2019-04-29 17:16:56 UTC</createdTime>
<commentInRDBMS>Patient&apos;s first name</commentInRDBMS>
<ownerDesignName>mh_logical</ownerDesignName>
<engineerTo>
<item key="4207B9EE-4BAA-7224-5DDF-9C76B030E7E9" value="true"/>
</engineerTo>
<useDomainConstraints>false</useDomainConstraints>
<use>1</use>
<logicalDatatype>LOGDT024</logicalDatatype>
<dataTypeSize>50</dataTypeSize>
<ownDataTypeParameters>50,,</ownDataTypeParameters>
</Attribute>
<Attribute name="lastName" id="4C2B3F52-BE39-A8C7-8619-F1812AD39EDD">
<createdBy>kr</createdBy>
<createdTime>2019-04-29 17:21:24 UTC</createdTime>
<commentInRDBMS>Patient&apos;s last name</commentInRDBMS>
<ownerDesignName>mh_logical</ownerDesignName>
<engineerTo>
<item key="4207B9EE-4BAA-7224-5DDF-9C76B030E7E9" value="true"/>
</engineerTo>
<useDomainConstraints>false</useDomainConstraints>
<use>1</use>
<logicalDatatype>LOGDT024</logicalDatatype>
<dataTypeSize>50</dataTypeSize>
<ownDataTypeParameters>50,,</ownDataTypeParameters>
</Attribute>
<Attribute name="dateOfBirth" id="C19A2347-BEB8-8BA4-0B0E-D427F2FC5DBE">
<createdBy>kr</createdBy>
<createdTime>2019-04-29 17:21:36 UTC</createdTime>
<commentInRDBMS>Patient&apos;s date of birth</commentInRDBMS>
<ownerDesignName>mh_logical</ownerDesignName>
<engineerTo>
<item key="4207B9EE-4BAA-7224-5DDF-9C76B030E7E9" value="true"/>
</engineerTo>
<useDomainConstraints>false</useDomainConstraints>
<use>1</use>
<logicalDatatype>LOGDT007</logicalDatatype>
<ownDataTypeParameters>,,</ownDataTypeParameters>
</Attribute>
<Attribute name="contactNum" id="053531B8-1532-872C-0E29-5BCABD715442">
<createdBy>kr</createdBy>
<createdTime>2019-04-29 17:22:25 UTC</createdTime>
<commentInRDBMS>Patient&apos;s emergency contact number</commentInRDBMS>
<ownerDesignName>mh_logical</ownerDesignName>
<engineerTo>
<item key="4207B9EE-4BAA-7224-5DDF-9C76B030E7E9" value="true"/>
</engineerTo>
<useDomainConstraints>false</useDomainConstraints>
<use>1</use>
<logicalDatatype>LOGDT025</logicalDatatype>
<dataTypeSize>10</dataTypeSize>
<ownDataTypeParameters>10,,</ownDataTypeParameters>
</Attribute>
</attributes>
<identifiers itemClass="oracle.dbtools.crest.model.design.logical.CandidateKey">
<identifier id="F81F2695-4DDF-2E92-5786-919763237F8A" name="PATIENT PK">
<createdBy>kr</createdBy>
<createdTime>2019-04-29 17:15:40 UTC</createdTime>
<ownerDesignName>mh_logical</ownerDesignName>
<engineerTo>
<item key="4207B9EE-4BAA-7224-5DDF-9C76B030E7E9" value="true"/>
</engineerTo>
<pk>true</pk>
<usedAttributes>
<attributeRef>87707804-2DCD-F540-CBBB-08F82E61F07A</attributeRef>
</usedAttributes>
</identifier>
</identifiers>
</Entity>