<?xml version = '1.0' encoding = 'UTF-8'?>
<Entity class="oracle.dbtools.crest.model.design.logical.Entity" directorySegmentName="seg_0" id="4BF59CBC-FD34-6EAF-9DBD-3B13CAC911C5" name="DOCTOR">
<createdBy>kr</createdBy>
<createdTime>2019-04-29 18:13:07 UTC</createdTime>
<ownerDesignName>mh_logical</ownerDesignName>
<engineerTo>
<item key="4207B9EE-4BAA-7224-5DDF-9C76B030E7E9" value="true"/>
</engineerTo>
<adequatelyNormalized>NO</adequatelyNormalized>
<expectedVolumes>0</expectedVolumes>
<fwdEngineeringStrategyName>Single Table</fwdEngineeringStrategyName>
<growthPercent>0</growthPercent>
<growthType>Year</growthType>
<maxVolumes>9999999</maxVolumes>
<minVolumes>0</minVolumes>
<normalForm>Third</normalForm>
<attributes itemClass="oracle.dbtools.crest.model.design.logical.Attribute">
<Attribute name="doctorID" id="4B2068DA-1B5B-AB55-6A38-73AA0CA22E5D">
<createdBy>kr</createdBy>
<createdTime>2019-04-29 18:15:04 UTC</createdTime>
<commentInRDBMS>Doctor ID</commentInRDBMS>
<ownerDesignName>mh_logical</ownerDesignName>
<engineerTo>
<item key="4207B9EE-4BAA-7224-5DDF-9C76B030E7E9" value="true"/>
</engineerTo>
<useDomainConstraints>false</useDomainConstraints>
<use>1</use>
<logicalDatatype>LOGDT019</logicalDatatype>
<dataTypePrecision>7</dataTypePrecision>
<ownDataTypeParameters>,7,</ownDataTypeParameters>
</Attribute>
<Attribute name="doctorFName" id="9AB236AD-56E2-EE05-60E2-A744320B170D">
<createdBy>kr</createdBy>
<createdTime>2019-04-29 18:13:25 UTC</createdTime>
<commentInRDBMS>Doctor first name</commentInRDBMS>
<ownerDesignName>mh_logical</ownerDesignName>
<engineerTo>
<item key="4207B9EE-4BAA-7224-5DDF-9C76B030E7E9" value="true"/>
</engineerTo>
<useDomainConstraints>false</useDomainConstraints>
<use>1</use>
<logicalDatatype>LOGDT024</logicalDatatype>
<dataTypeSize>50</dataTypeSize>
<ownDataTypeParameters>50,,</ownDataTypeParameters>
</Attribute>
<Attribute name="doctorLName" id="44E35B9C-BD57-3C83-39B5-02357BA5A647">
<createdBy>kr</createdBy>
<createdTime>2019-04-29 18:15:19 UTC</createdTime>
<commentInRDBMS>Doctor last name</commentInRDBMS>
<ownerDesignName>mh_logical</ownerDesignName>
<engineerTo>
<item key="4207B9EE-4BAA-7224-5DDF-9C76B030E7E9" value="true"/>
</engineerTo>
<useDomainConstraints>false</useDomainConstraints>
<use>1</use>
<logicalDatatype>LOGDT024</logicalDatatype>
<dataTypeSize>50</dataTypeSize>
<ownDataTypeParameters>50,,</ownDataTypeParameters>
</Attribute>
<Attribute name="doctorPhone" id="1778C200-153D-CDBA-61AF-ABDA1F79333A">
<createdBy>kr</createdBy>
<createdTime>2019-04-29 18:15:32 UTC</createdTime>
<commentInRDBMS>Doctor phone number</commentInRDBMS>
<ownerDesignName>mh_logical</ownerDesignName>
<engineerTo>
<item key="4207B9EE-4BAA-7224-5DDF-9C76B030E7E9" value="true"/>
</engineerTo>
<useDomainConstraints>false</useDomainConstraints>
<use>1</use>
<logicalDatatype>LOGDT025</logicalDatatype>
<dataTypeSize>10</dataTypeSize>
<ownDataTypeParameters>10,,</ownDataTypeParameters>
</Attribute>
</attributes>
<identifiers itemClass="oracle.dbtools.crest.model.design.logical.CandidateKey">
<identifier id="A90C288C-FEC3-548C-83DA-159F1D03501E" name="DOCTOR PK">
<createdBy>kr</createdBy>
<createdTime>2019-04-29 18:13:30 UTC</createdTime>
<ownerDesignName>mh_logical</ownerDesignName>
<engineerTo>
<item key="4207B9EE-4BAA-7224-5DDF-9C76B030E7E9" value="true"/>
</engineerTo>
<pk>true</pk>
<usedAttributes>
<attributeRef>4B2068DA-1B5B-AB55-6A38-73AA0CA22E5D</attributeRef>
</usedAttributes>
</identifier>
</identifiers>
</Entity>