<?xml version = '1.0' encoding = 'UTF-8'?>
<Entity class="oracle.dbtools.crest.model.design.logical.Entity" directorySegmentName="seg_0" id="B06D5AA5-A006-F629-4889-51E6AD5E8387" name="WARD">
<createdBy>kr</createdBy>
<createdTime>2019-04-29 18:18:48 UTC</createdTime>
<ownerDesignName>mh_logical</ownerDesignName>
<engineerTo>
<item key="4207B9EE-4BAA-7224-5DDF-9C76B030E7E9" value="true"/>
</engineerTo>
<adequatelyNormalized>NO</adequatelyNormalized>
<expectedVolumes>0</expectedVolumes>
<fwdEngineeringStrategyName>Single Table</fwdEngineeringStrategyName>
<growthPercent>0</growthPercent>
<growthType>Year</growthType>
<maxVolumes>9999999</maxVolumes>
<minVolumes>0</minVolumes>
<normalForm>Third</normalForm>
<attributes itemClass="oracle.dbtools.crest.model.design.logical.Attribute">
<Attribute name="wardCode" id="B7CAE337-1E21-FEF5-56DB-F66741C3A2AF">
<createdBy>kr</createdBy>
<createdTime>2019-04-29 18:21:20 UTC</createdTime>
<commentInRDBMS>Ward code</commentInRDBMS>
<ownerDesignName>mh_logical</ownerDesignName>
<engineerTo>
<item key="4207B9EE-4BAA-7224-5DDF-9C76B030E7E9" value="true"/>
</engineerTo>
<useDomainConstraints>false</useDomainConstraints>
<use>1</use>
<logicalDatatype>LOGDT019</logicalDatatype>
<dataTypePrecision>7</dataTypePrecision>
<ownDataTypeParameters>,7,</ownDataTypeParameters>
</Attribute>
<Attribute name="wardName" id="9CB7E52E-9938-734B-32CA-CCDBB1231A8B">
<createdBy>kr</createdBy>
<createdTime>2019-04-30 11:27:20 UTC</createdTime>
<commentInRDBMS>Ward name</commentInRDBMS>
<ownerDesignName>mh_logical</ownerDesignName>
<engineerTo>
<item key="4207B9EE-4BAA-7224-5DDF-9C76B030E7E9" value="true"/>
</engineerTo>
<useDomainConstraints>false</useDomainConstraints>
<use>1</use>
<logicalDatatype>LOGDT024</logicalDatatype>
<dataTypeSize>50</dataTypeSize>
<ownDataTypeParameters>50,,</ownDataTypeParameters>
</Attribute>
<Attribute name="numBeds" id="3FACCFB7-78DF-D132-A1F7-9DDFE4D12955">
<createdBy>kr</createdBy>
<createdTime>2019-04-29 18:21:40 UTC</createdTime>
<commentInRDBMS>Current number of  beds in the ward</commentInRDBMS>
<ownerDesignName>mh_logical</ownerDesignName>
<engineerTo>
<item key="4207B9EE-4BAA-7224-5DDF-9C76B030E7E9" value="true"/>
</engineerTo>
<useDomainConstraints>false</useDomainConstraints>
<use>1</use>
<logicalDatatype>LOGDT019</logicalDatatype>
<dataTypePrecision>5</dataTypePrecision>
<checkConstraint>
<implementationDef dbType="Oracle Database 11g" definition="numBeds &gt;= 0"/>
</checkConstraint>
<ownDataTypeParameters>,5,</ownDataTypeParameters>
</Attribute>
<Attribute name="numEmptyBeds" id="511730A9-326A-870B-23CF-9070636CCC51">
<createdBy>kr</createdBy>
<createdTime>2019-04-29 18:22:04 UTC</createdTime>
<commentInRDBMS>Current number of unused (empty) beds</commentInRDBMS>
<ownerDesignName>mh_logical</ownerDesignName>
<engineerTo>
<item key="4207B9EE-4BAA-7224-5DDF-9C76B030E7E9" value="true"/>
</engineerTo>
<useDomainConstraints>false</useDomainConstraints>
<use>1</use>
<logicalDatatype>LOGDT019</logicalDatatype>
<dataTypePrecision>5</dataTypePrecision>
<checkConstraint>
<implementationDef dbType="Oracle Database 11g" definition="numEmptyBeds &gt;= 0"/>
</checkConstraint>
<ownDataTypeParameters>,5,</ownDataTypeParameters>
</Attribute>
</attributes>
<identifiers itemClass="oracle.dbtools.crest.model.design.logical.CandidateKey">
<identifier id="5651CB54-4A00-01EA-9CEA-D43AA5C0D3C1" name="WARD PK">
<createdBy>kr</createdBy>
<createdTime>2019-04-29 18:21:30 UTC</createdTime>
<ownerDesignName>mh_logical</ownerDesignName>
<shouldEngineer>false</shouldEngineer>
<engineerTo>
<item key="4207B9EE-4BAA-7224-5DDF-9C76B030E7E9" value="false"/>
</engineerTo>
<pk>true</pk>
<usedAttributes>
<attributeRef>B7CAE337-1E21-FEF5-56DB-F66741C3A2AF</attributeRef>
</usedAttributes>
</identifier>
</identifiers>
</Entity>