<?xml version = '1.0' encoding = 'UTF-8'?>
<Entity class="oracle.dbtools.crest.model.design.logical.Entity" directorySegmentName="seg_0" id="F7CFCAD1-70A5-C096-46E1-9FFCF0E7A57E" name="ITEM">
<createdBy>kr</createdBy>
<createdTime>2019-04-29 18:20:05 UTC</createdTime>
<ownerDesignName>mh_logical</ownerDesignName>
<engineerTo>
<item key="4207B9EE-4BAA-7224-5DDF-9C76B030E7E9" value="true"/>
</engineerTo>
<adequatelyNormalized>NO</adequatelyNormalized>
<expectedVolumes>0</expectedVolumes>
<fwdEngineeringStrategyName>Single Table</fwdEngineeringStrategyName>
<growthPercent>0</growthPercent>
<growthType>Year</growthType>
<maxVolumes>9999999</maxVolumes>
<minVolumes>0</minVolumes>
<normalForm>Third</normalForm>
<attributes itemClass="oracle.dbtools.crest.model.design.logical.Attribute">
<Attribute name="itemCode" id="08EC9590-314C-339E-9E2A-91CDF6B52BE9">
<createdBy>kr</createdBy>
<createdTime>2019-04-30 06:51:09 UTC</createdTime>
<commentInRDBMS>Item code</commentInRDBMS>
<ownerDesignName>mh_logical</ownerDesignName>
<engineerTo>
<item key="4207B9EE-4BAA-7224-5DDF-9C76B030E7E9" value="true"/>
</engineerTo>
<useDomainConstraints>false</useDomainConstraints>
<use>1</use>
<logicalDatatype>LOGDT019</logicalDatatype>
<dataTypePrecision>7</dataTypePrecision>
<ownDataTypeParameters>,7,</ownDataTypeParameters>
</Attribute>
<Attribute name="centerCode" id="946E9081-7684-3959-53EF-1817B9CC6178">
<createdBy>kr</createdBy>
<createdTime>2019-04-30 06:52:46 UTC</createdTime>
<commentInRDBMS>Cost center code</commentInRDBMS>
<generatorID>4AE742E2-F219-2026-FF00-38C98657D34B</generatorID>
<ownerDesignName>mh_logical</ownerDesignName>
<engineerTo>
<item key="4207B9EE-4BAA-7224-5DDF-9C76B030E7E9" value="true"/>
</engineerTo>
<referedAttribute>F458BB59-727D-8071-E97C-A14095F7934B</referedAttribute>
<useDomainConstraints>false</useDomainConstraints>
<use>1</use>
<logicalDatatype>LOGDT019</logicalDatatype>
<dataTypePrecision>7</dataTypePrecision>
<ownDataTypeParameters>,,</ownDataTypeParameters>
</Attribute>
<Attribute name="itemDesc" id="132643AA-2913-B8BE-2933-615B756A3942">
<createdBy>kr</createdBy>
<createdTime>2019-04-30 06:51:22 UTC</createdTime>
<commentInRDBMS>Item description</commentInRDBMS>
<ownerDesignName>mh_logical</ownerDesignName>
<engineerTo>
<item key="4207B9EE-4BAA-7224-5DDF-9C76B030E7E9" value="true"/>
</engineerTo>
<useDomainConstraints>false</useDomainConstraints>
<use>1</use>
<logicalDatatype>LOGDT024</logicalDatatype>
<dataTypeSize>50</dataTypeSize>
<ownDataTypeParameters>50,,</ownDataTypeParameters>
</Attribute>
<Attribute name="itemStock" id="EDD8F68E-2920-9386-B5AD-9B9704CDBED8">
<createdBy>kr</createdBy>
<createdTime>2019-04-30 06:51:31 UTC</createdTime>
<commentInRDBMS>Item current stock</commentInRDBMS>
<ownerDesignName>mh_logical</ownerDesignName>
<engineerTo>
<item key="4207B9EE-4BAA-7224-5DDF-9C76B030E7E9" value="true"/>
</engineerTo>
<constraintName>chk_itemStock</constraintName>
<useDomainConstraints>false</useDomainConstraints>
<use>1</use>
<logicalDatatype>LOGDT019</logicalDatatype>
<dataTypePrecision>5</dataTypePrecision>
<checkConstraint>
<implementationDef dbType="Oracle Database 11g" definition="itemStock &gt;= 0"/>
</checkConstraint>
<ownDataTypeParameters>,5,</ownDataTypeParameters>
</Attribute>
<Attribute name="itemPrice" id="176E0697-5FCD-CEF6-7FF5-34A9B6BA5307">
<createdBy>kr</createdBy>
<createdTime>2019-04-30 06:52:00 UTC</createdTime>
<commentInRDBMS>Item price</commentInRDBMS>
<ownerDesignName>mh_logical</ownerDesignName>
<engineerTo>
<item key="4207B9EE-4BAA-7224-5DDF-9C76B030E7E9" value="true"/>
</engineerTo>
<constraintName>chk_itemPrice</constraintName>
<useDomainConstraints>false</useDomainConstraints>
<use>1</use>
<logicalDatatype>LOGDT019</logicalDatatype>
<dataTypePrecision>7</dataTypePrecision>
<dataTypeScale>2</dataTypeScale>
<checkConstraint>
<implementationDef dbType="Oracle Database 11g" definition="itemPrice &gt; 0"/>
</checkConstraint>
<ownDataTypeParameters>,7,2</ownDataTypeParameters>
</Attribute>
</attributes>
<identifiers itemClass="oracle.dbtools.crest.model.design.logical.CandidateKey">
<identifier id="A911931B-A8C4-DD4F-3DE6-E8563CA84F6B" name="ITEM PK">
<createdBy>kr</createdBy>
<createdTime>2019-04-30 06:51:20 UTC</createdTime>
<ownerDesignName>mh_logical</ownerDesignName>
<engineerTo>
<item key="4207B9EE-4BAA-7224-5DDF-9C76B030E7E9" value="true"/>
</engineerTo>
<pk>true</pk>
<usedAttributes>
<attributeRef>08EC9590-314C-339E-9E2A-91CDF6B52BE9</attributeRef>
</usedAttributes>
</identifier>
</identifiers>
</Entity>