<?xml version = '1.0' encoding = 'UTF-8'?>
<Entity class="oracle.dbtools.crest.model.design.logical.Entity" directorySegmentName="seg_0" id="FC09CDB5-33C5-0EE5-022C-968450A12520" name="PROCEDURE INFORMATION">
<createdBy>kr</createdBy>
<createdTime>2019-04-29 18:19:53 UTC</createdTime>
<ownerDesignName>mh_logical</ownerDesignName>
<engineerTo>
<item key="4207B9EE-4BAA-7224-5DDF-9C76B030E7E9" value="true"/>
</engineerTo>
<adequatelyNormalized>NO</adequatelyNormalized>
<expectedVolumes>0</expectedVolumes>
<fwdEngineeringStrategyName>Single Table</fwdEngineeringStrategyName>
<growthPercent>0</growthPercent>
<growthType>Year</growthType>
<maxVolumes>9999999</maxVolumes>
<minVolumes>0</minVolumes>
<normalForm>Third</normalForm>
<attributes itemClass="oracle.dbtools.crest.model.design.logical.Attribute">
<Attribute name="procCode" id="50D5D1A4-8C4F-18CF-4667-4ED04364DD68">
<createdBy>kr</createdBy>
<createdTime>2019-04-30 06:32:20 UTC</createdTime>
<commentInRDBMS>Procedure code</commentInRDBMS>
<ownerDesignName>mh_logical</ownerDesignName>
<engineerTo>
<item key="4207B9EE-4BAA-7224-5DDF-9C76B030E7E9" value="true"/>
</engineerTo>
<useDomainConstraints>false</useDomainConstraints>
<use>1</use>
<logicalDatatype>LOGDT019</logicalDatatype>
<dataTypePrecision>7</dataTypePrecision>
<ownDataTypeParameters>,7,</ownDataTypeParameters>
</Attribute>
<Attribute name="procName" id="5D9B47E2-6C04-4959-07BE-AD872161223D">
<createdBy>kr</createdBy>
<createdTime>2019-04-30 06:32:32 UTC</createdTime>
<commentInRDBMS>Procedure name</commentInRDBMS>
<ownerDesignName>mh_logical</ownerDesignName>
<engineerTo>
<item key="4207B9EE-4BAA-7224-5DDF-9C76B030E7E9" value="true"/>
</engineerTo>
<useDomainConstraints>false</useDomainConstraints>
<use>1</use>
<logicalDatatype>LOGDT024</logicalDatatype>
<dataTypeSize>50</dataTypeSize>
<ownDataTypeParameters>50,,</ownDataTypeParameters>
</Attribute>
<Attribute name="procDesc" id="FF2A3F05-A372-8460-3866-451190AC441C">
<createdBy>kr</createdBy>
<createdTime>2019-04-30 06:34:30 UTC</createdTime>
<commentInRDBMS>Procedure description</commentInRDBMS>
<ownerDesignName>mh_logical</ownerDesignName>
<engineerTo>
<item key="4207B9EE-4BAA-7224-5DDF-9C76B030E7E9" value="true"/>
</engineerTo>
<useDomainConstraints>false</useDomainConstraints>
<use>1</use>
<logicalDatatype>A3A3C77D-0366-9768-FF89-1C25E56881C8</logicalDatatype>
<ownDataTypeParameters>,,</ownDataTypeParameters>
</Attribute>
<Attribute name="procDuration" id="7763616B-3CAB-010C-8BC1-8DCFDC562B3C">
<createdBy>kr</createdBy>
<createdTime>2019-04-30 06:35:18 UTC</createdTime>
<commentInRDBMS>Time required for the procedure</commentInRDBMS>
<ownerDesignName>mh_logical</ownerDesignName>
<engineerTo>
<item key="4207B9EE-4BAA-7224-5DDF-9C76B030E7E9" value="true"/>
</engineerTo>
<useDomainConstraints>false</useDomainConstraints>
<use>1</use>
<logicalDatatype>LOGDT019</logicalDatatype>
<dataTypePrecision>3</dataTypePrecision>
<checkConstraint>
<implementationDef dbType="Oracle Database 11g" definition="procDuration &gt; 0"/>
</checkConstraint>
<ownDataTypeParameters>,3,</ownDataTypeParameters>
</Attribute>
<Attribute name="procCharge" id="584EB1E7-4BE4-928B-5E89-DA4C84F00766">
<createdBy>kr</createdBy>
<createdTime>2019-04-30 06:35:34 UTC</createdTime>
<commentInRDBMS>Procedure current standard patient cost</commentInRDBMS>
<ownerDesignName>mh_logical</ownerDesignName>
<engineerTo>
<item key="4207B9EE-4BAA-7224-5DDF-9C76B030E7E9" value="true"/>
</engineerTo>
<useDomainConstraints>false</useDomainConstraints>
<use>1</use>
<logicalDatatype>LOGDT019</logicalDatatype>
<dataTypePrecision>7</dataTypePrecision>
<dataTypeScale>2</dataTypeScale>
<checkConstraint>
<implementationDef dbType="Oracle Database 11g" definition="procCharge &gt; 0"/>
</checkConstraint>
<ownDataTypeParameters>,7,2</ownDataTypeParameters>
</Attribute>
</attributes>
<identifiers itemClass="oracle.dbtools.crest.model.design.logical.CandidateKey">
<identifier id="BE003753-39F0-F872-69BC-4A5016F6D071" name="PROCEDURE INFORMATION PK">
<createdBy>kr</createdBy>
<createdTime>2019-04-30 06:32:29 UTC</createdTime>
<ownerDesignName>mh_logical</ownerDesignName>
<engineerTo>
<item key="4207B9EE-4BAA-7224-5DDF-9C76B030E7E9" value="true"/>
</engineerTo>
<pk>true</pk>
<usedAttributes>
<attributeRef>50D5D1A4-8C4F-18CF-4667-4ED04364DD68</attributeRef>
</usedAttributes>
</identifier>
</identifiers>
</Entity>