<?xml version = '1.0' encoding = 'UTF-8'?>
<Relation class="oracle.dbtools.crest.model.design.logical.Relation" name="doctor_prescribe_procedure" directorySegmentName="seg_0" id="11F6D856-722A-E193-2D3F-FED8023E0F1C">
<createdBy>kr</createdBy>
<createdTime>2019-04-30 06:41:11 UTC</createdTime>
<ownerDesignName>mh_logical</ownerDesignName>
<engineerTo>
<item key="B233B282-1857-27B2-2CE7-F2CB41AE2A87" value="true"/>
</engineerTo>
<sourcePk>A90C288C-FEC3-548C-83DA-159F1D03501E</sourcePk>
<identifying>false</identifying>
<nameOnSource>prescribes</nameOnSource>
<optionalSource>true</optionalSource>
<optionalTarget>false</optionalTarget>
<sourceCardinality>1</sourceCardinality>
<sourceEntity>4BF59CBC-FD34-6EAF-9DBD-3B13CAC911C5</sourceEntity>
<targetCardinalityString>*</targetCardinalityString>
<targetEntity>D2DB3A53-BF3C-7DAB-2969-50BCDAE3F84B</targetEntity>
<transferable>true</transferable>
</Relation>