<?xml version = '1.0' encoding = 'UTF-8'?>
<Relation class="oracle.dbtools.crest.model.design.logical.Relation" name="bed_bedassignment" directorySegmentName="seg_0" id="1E0C9B36-9C2A-A15C-3F30-347CEBCE968F">
<createdBy>kr</createdBy>
<createdTime>2019-04-29 18:36:03 UTC</createdTime>
<ownerDesignName>mh_logical</ownerDesignName>
<engineerTo>
<item key="B233B282-1857-27B2-2CE7-F2CB41AE2A87" value="true"/>
</engineerTo>
<sourcePk>E6771BED-AA21-E9F3-1F08-08A54062C7F1</sourcePk>
<identifying>false</identifying>
<nameOnSource>is used for</nameOnSource>
<optionalSource>true</optionalSource>
<optionalTarget>false</optionalTarget>
<sourceCardinality>1</sourceCardinality>
<sourceEntity>9AFE1FF3-22C9-9EA6-0829-3BF7EA6CDAC4</sourceEntity>
<targetCardinalityString>*</targetCardinalityString>
<targetEntity>F3891B21-BBB6-FDDA-E68A-AFA934DE4265</targetEntity>
<transferable>true</transferable>
</Relation>