<?xml version = '1.0' encoding = 'UTF-8'?>
<Relation class="oracle.dbtools.crest.model.design.logical.Relation" name="doctor_specialisation" directorySegmentName="seg_0" id="59F660F4-A18A-97FC-1F21-BDAC233C78DB">
<createdBy>kr</createdBy>
<createdTime>2019-04-30 07:34:57 UTC</createdTime>
<ownerDesignName>mh_logical</ownerDesignName>
<engineerTo>
<item key="B233B282-1857-27B2-2CE7-F2CB41AE2A87" value="true"/>
</engineerTo>
<sourcePk>A90C288C-FEC3-548C-83DA-159F1D03501E</sourcePk>
<identifying>true</identifying>
<nameOnSource>has</nameOnSource>
<optionalSource>true</optionalSource>
<optionalTarget>false</optionalTarget>
<sourceCardinality>1</sourceCardinality>
<sourceEntity>4BF59CBC-FD34-6EAF-9DBD-3B13CAC911C5</sourceEntity>
<targetCardinalityString>*</targetCardinalityString>
<targetEntity>731EAE93-A4D2-D8C3-2200-DF8E2D5D08EA</targetEntity>
<transferable>true</transferable>
</Relation>