<?xml version = '1.0' encoding = 'UTF-8'?>
<Relation class="oracle.dbtools.crest.model.design.logical.Relation" name="ward_bed" directorySegmentName="seg_0" id="EADCEB47-0084-6655-D9FC-BD066014FEF3">
<createdBy>kr</createdBy>
<createdTime>2019-04-29 18:32:41 UTC</createdTime>
<ownerDesignName>mh_logical</ownerDesignName>
<engineerTo>
<item key="B233B282-1857-27B2-2CE7-F2CB41AE2A87" value="true"/>
</engineerTo>
<sourcePk>5651CB54-4A00-01EA-9CEA-D43AA5C0D3C1</sourcePk>
<identifying>true</identifying>
<nameOnSource>has</nameOnSource>
<optionalSource>false</optionalSource>
<optionalTarget>false</optionalTarget>
<sourceCardinality>1</sourceCardinality>
<sourceEntity>B06D5AA5-A006-F629-4889-51E6AD5E8387</sourceEntity>
<targetCardinalityString>*</targetCardinalityString>
<targetEntity>9AFE1FF3-22C9-9EA6-0829-3BF7EA6CDAC4</targetEntity>
<transferable>true</transferable>
</Relation>