<?xml version = '1.0' encoding = 'UTF-8'?>
<ExtendedMap class="oracle.dbtools.crest.model.xtdmapping.ExtendedMap">
<mappings itemClass="oracle.dbtools.crest.model.xtdmapping.XtdMapping">
<Mapping id="BC358601-E001CD1C82B510159FE8-7E70C62D9C5F" delID="BC358601-6B52-A836-DC72-E001CD1C82B5" oCont="D2DB3A53-BF3C-7DAB-2969-50BCDAE3F84B" oDP="26F8BCC0-B666-3A6D-8FC9-4999C1E3B6B4" oID="BC358601-6B52-A836-DC72-E001CD1C82B5" tCont="89D1821D-FEE8-82AC-29D8-D86B8AF5E927" tDP="4207B9EE-4BAA-7224-5DDF-9C76B030E7E9" tID="10159FE8-B808-9B12-3F5B-7E70C62D9C5F">
</Mapping>
<Mapping id="D6D05386-F5DB81CD8336B4C12CC9-E8E51146A374" delID="D6D05386-3C43-6757-A4BE-F5DB81CD8336" oCont="D2DB3A53-BF3C-7DAB-2969-50BCDAE3F84B" oDP="26F8BCC0-B666-3A6D-8FC9-4999C1E3B6B4" oID="D6D05386-3C43-6757-A4BE-F5DB81CD8336" tCont="89D1821D-FEE8-82AC-29D8-D86B8AF5E927" tDP="4207B9EE-4BAA-7224-5DDF-9C76B030E7E9" tID="B4C12CC9-E926-9BBA-6D3E-E8E51146A374">
</Mapping>
<Mapping id="EB4FDC2E-687B6F609E0F62FB17B4-6CB6BAE26347" delID="EB4FDC2E-4804-4ACA-FB05-687B6F609E0F" oDP="26F8BCC0-B666-3A6D-8FC9-4999C1E3B6B4" oID="EB4FDC2E-4804-4ACA-FB05-687B6F609E0F" oType="3" rSEnt="54550419-C415-45CC-E97C-79C57B52E6F4" rTEnt="D2DB3A53-BF3C-7DAB-2969-50BCDAE3F84B" tDP="4207B9EE-4BAA-7224-5DDF-9C76B030E7E9" tID="62FB17B4-6200-52FB-ECB3-6CB6BAE26347" tType="8">
</Mapping>
</mappings>
</ExtendedMap>