<?xml version = '1.0' encoding = 'UTF-8'?>
<Diagram class="oracle.dbtools.crest.swingui.relational.DPVRelational" name="Relational_1" id="1DD0228F-0236-D40B-7CC0-F6811E538A23">
<createdBy>kr</createdBy>
<modifiedBy>kr</modifiedBy>
<createdTime>2019-04-30 08:36:10 UTC</createdTime>
<autoRoute>false</autoRoute>
<boxInbox>true</boxInbox>
<showLegend>false</showLegend>
<showLabels>false</showLabels>
<showRelAttributes>false</showRelAttributes>
<gridEnabled>false</gridEnabled>
<showGrid>false</showGrid>
<diagramColor>-1</diagramColor>
<display>false</display>
<notation>1</notation>
<objectViews>
<OView class="oracle.dbtools.crest.swingui.relational.TVTable" oid="11BC1CA5-BEC4-E096-67AD-2F2DE4DEDFA3" otype="Table" vid="B7C93578-3794-5DCF-B833-6D812D7E8469">
<hideElementsInCurrentOnly>false</hideElementsInCurrentOnly>
<bounds x="709" y="662" width="234" height="115"/>
</OView>
<OView class="oracle.dbtools.crest.swingui.relational.TVTable" oid="3178365F-5CA1-7D3F-6399-8D6EAF7BD94A" otype="Table" vid="9980098B-EFF0-FAB4-0B39-09ABDCAA7889">
<hideElementsInCurrentOnly>false</hideElementsInCurrentOnly>
<bounds x="304" y="224" width="161" height="113"/>
</OView>
<OView class="oracle.dbtools.crest.swingui.relational.TVTable" oid="540A70D3-F76F-35E9-E90E-7860AB2DF9E3" otype="Table" vid="49470677-C023-0371-E23F-1EF1754747F0">
<hideElementsInCurrentOnly>false</hideElementsInCurrentOnly>
<bounds x="60" y="230" width="156" height="101"/>
</OView>
<OView class="oracle.dbtools.crest.swingui.relational.TVTable" oid="551550AA-F2E2-4888-8533-06B1DD82EE4D" otype="Table" vid="9A073B25-4CA9-681C-EFCE-B2B935EA07D4">
<hideElementsInCurrentOnly>false</hideElementsInCurrentOnly>
<bounds x="722" y="241" width="200" height="116"/>
</OView>
<OView class="oracle.dbtools.crest.swingui.relational.TVTable" oid="66EAA2B9-7AEA-A659-EB80-CC9FD01D2D12" otype="Table" vid="3C7F8E1B-21F5-54CC-5AE5-CF146B570A7D">
<hideElementsInCurrentOnly>false</hideElementsInCurrentOnly>
<bounds x="722" y="35" width="201" height="111"/>
</OView>
<OView class="oracle.dbtools.crest.swingui.relational.TVTable" oid="6F139AA3-7A1A-175C-04C2-E4E3E14C6B3C" otype="Table" vid="BAE1A1E1-CA6E-3FC1-83F3-83163B64A7DC">
<hideElementsInCurrentOnly>false</hideElementsInCurrentOnly>
<bounds x="1069" y="637" width="189" height="120"/>
</OView>
<OView class="oracle.dbtools.crest.swingui.relational.TVTable" oid="772D22C1-E943-8311-7156-94D2A7CD0B0E" otype="Table" vid="AC566B74-60A7-524C-29D7-4EAFDA68D62E">
<hideElementsInCurrentOnly>false</hideElementsInCurrentOnly>
<bounds x="1057" y="443" width="225" height="131"/>
</OView>
<OView class="oracle.dbtools.crest.swingui.relational.TVTable" oid="7F02D6DF-9285-1547-DD3B-AA3CCE3B9E84" otype="Table" vid="6B0C012B-3185-03C2-5580-7963154F3BF0">
<hideElementsInCurrentOnly>false</hideElementsInCurrentOnly>
<bounds x="1372" y="607" width="188" height="145"/>
</OView>
<OView class="oracle.dbtools.crest.swingui.relational.TVTable" oid="89D1821D-FEE8-82AC-29D8-D86B8AF5E927" otype="Table" vid="9667AB27-1438-8B0C-4491-DE289CD12197">
<hideElementsInCurrentOnly>false</hideElementsInCurrentOnly>
<bounds x="716" y="444" width="217" height="131"/>
</OView>
<OView class="oracle.dbtools.crest.swingui.relational.TVTable" oid="8C0F7D7C-77AF-3ED0-DF9F-4AFD910819FB" otype="Table" vid="38F7134E-7069-27E0-B3D5-02E8FA5031F8">
<hideElementsInCurrentOnly>false</hideElementsInCurrentOnly>
<bounds x="76" y="671" width="200" height="93"/>
</OView>
<OView class="oracle.dbtools.crest.swingui.relational.TVTable" oid="C96CD822-C9F8-7025-4917-B31158E9813A" otype="Table" vid="3596C4F5-4BEE-F39C-F7EA-2130D0EC77E3">
<hideElementsInCurrentOnly>false</hideElementsInCurrentOnly>
<bounds x="1364" y="167" width="181" height="132"/>
</OView>
<OView class="oracle.dbtools.crest.swingui.relational.TVTable" oid="D245B6DC-34BF-BDAC-F9B8-C02E458B87DB" otype="Table" vid="B45F0BA3-B22D-2988-155E-98FF402771E8">
<hideElementsInCurrentOnly>false</hideElementsInCurrentOnly>
<bounds x="1365" y="388" width="178" height="125"/>
</OView>
<OView class="oracle.dbtools.crest.swingui.relational.TVTable" oid="D7DB770B-F74D-13F5-AF6E-F994EE10A7F4" otype="Table" vid="CCC78FDA-2593-D72B-9737-E661A2B1E647">
<hideElementsInCurrentOnly>false</hideElementsInCurrentOnly>
<bounds x="1081" y="273" width="165" height="101"/>
</OView>
<OView class="oracle.dbtools.crest.swingui.relational.TVTable" oid="F425A170-5C4B-93C1-29BD-1454F3D3A0DB" otype="Table" vid="ADBC2FA6-FA08-2266-018B-D29246287A4D">
<hideElementsInCurrentOnly>false</hideElementsInCurrentOnly>
<bounds x="385" y="663" width="216" height="107"/>
</OView>
</objectViews>
<connectors>
<Connector class="oracle.dbtools.crest.swingui.relational.TVFKRelation" oid="104F754B-5C69-929C-8B5A-FC1C6C927972" otype="FKIndexAssociation" vid_source="38F7134E-7069-27E0-B3D5-02E8FA5031F8" vid_target="ADBC2FA6-FA08-2266-018B-D29246287A4D">
<hideElementsInCurrentOnly>false</hideElementsInCurrentOnly>
<backgroundColor>-16777216</backgroundColor>
<lineWidth>1</lineWidth>
<points>
<point x="276" y="716"/>
<point x="385" y="717"/>
</points>
</Connector>
<Connector class="oracle.dbtools.crest.swingui.relational.TVFKRelation" oid="1B5BFAE7-67B9-0BF5-5ED6-344FDB19C4B0" otype="FKIndexAssociation" vid_source="BAE1A1E1-CA6E-3FC1-83F3-83163B64A7DC" vid_target="6B0C012B-3185-03C2-5580-7963154F3BF0">
<hideElementsInCurrentOnly>false</hideElementsInCurrentOnly>
<backgroundColor>-16777216</backgroundColor>
<lineWidth>1</lineWidth>
<points>
<point x="1258" y="694"/>
<point x="1372" y="694"/>
</points>
</Connector>
<Connector class="oracle.dbtools.crest.swingui.relational.TVFKRelation" oid="2174C65F-D5D8-379B-FF7A-F2775182F29E" otype="FKIndexAssociation" vid_source="3596C4F5-4BEE-F39C-F7EA-2130D0EC77E3" vid_target="CCC78FDA-2593-D72B-9737-E661A2B1E647">
<hideElementsInCurrentOnly>false</hideElementsInCurrentOnly>
<backgroundColor>-16777216</backgroundColor>
<lineWidth>1</lineWidth>
<points>
<point x="1364" y="244"/>
<point x="1168" y="244"/>
<point x="1168" y="273"/>
</points>
</Connector>
<Connector class="oracle.dbtools.crest.swingui.relational.TVFKRelation" oid="38E949DA-0877-B00D-8189-5B7CE038D025" otype="FKIndexAssociation" vid_source="AC566B74-60A7-524C-29D7-4EAFDA68D62E" vid_target="9667AB27-1438-8B0C-4491-DE289CD12197">
<hideElementsInCurrentOnly>false</hideElementsInCurrentOnly>
<backgroundColor>-16777216</backgroundColor>
<lineWidth>1</lineWidth>
<points>
<point x="1057" y="506"/>
<point x="933" y="509"/>
</points>
</Connector>
<Connector class="oracle.dbtools.crest.swingui.relational.TVFKRelation" oid="3CD32F68-9AE7-91EF-26A3-579FEB4D6C20" otype="FKIndexAssociation" vid_source="9980098B-EFF0-FAB4-0B39-09ABDCAA7889" vid_target="49470677-C023-0371-E23F-1EF1754747F0">
<hideElementsInCurrentOnly>false</hideElementsInCurrentOnly>
<backgroundColor>-16777216</backgroundColor>
<lineWidth>1</lineWidth>
<points>
<point x="304" y="295"/>
<point x="216" y="280"/>
</points>
</Connector>
<Connector class="oracle.dbtools.crest.swingui.relational.TVFKRelation" oid="62FB17B4-6200-52FB-ECB3-6CB6BAE26347" otype="FKIndexAssociation" vid_source="9A073B25-4CA9-681C-EFCE-B2B935EA07D4" vid_target="9667AB27-1438-8B0C-4491-DE289CD12197">
<hideElementsInCurrentOnly>false</hideElementsInCurrentOnly>
<backgroundColor>-16777216</backgroundColor>
<lineWidth>1</lineWidth>
<points>
<point x="822" y="357"/>
<point x="822" y="399"/>
<point x="822" y="444"/>
</points>
</Connector>
<Connector class="oracle.dbtools.crest.swingui.relational.TVFKRelation" oid="6B1E70A6-86C8-0726-6C24-510DDFD4213E" otype="FKIndexAssociation" vid_source="9980098B-EFF0-FAB4-0B39-09ABDCAA7889" vid_target="9667AB27-1438-8B0C-4491-DE289CD12197">
<hideElementsInCurrentOnly>false</hideElementsInCurrentOnly>
<backgroundColor>-16777216</backgroundColor>
<lineWidth>1</lineWidth>
<points>
<point x="465" y="322"/>
<point x="716" y="484"/>
</points>
</Connector>
<Connector class="oracle.dbtools.crest.swingui.relational.TVFKRelation" oid="77D57925-2D0E-0870-3A68-0BF515930B82" otype="FKIndexAssociation" vid_source="3C7F8E1B-21F5-54CC-5AE5-CF146B570A7D" vid_target="9A073B25-4CA9-681C-EFCE-B2B935EA07D4">
<hideElementsInCurrentOnly>false</hideElementsInCurrentOnly>
<backgroundColor>-16777216</backgroundColor>
<lineWidth>1</lineWidth>
<points>
<point x="822" y="146"/>
<point x="822" y="241"/>
</points>
</Connector>
<Connector class="oracle.dbtools.crest.swingui.relational.TVFKRelation" oid="79C1CFE6-A321-4C8C-A0C3-317E2BEBC7A8" otype="FKIndexAssociation" vid_source="B45F0BA3-B22D-2988-155E-98FF402771E8" vid_target="6B0C012B-3185-03C2-5580-7963154F3BF0">
<hideElementsInCurrentOnly>false</hideElementsInCurrentOnly>
<backgroundColor>-16777216</backgroundColor>
<lineWidth>1</lineWidth>
<points>
<point x="1457" y="513"/>
<point x="1457" y="607"/>
</points>
</Connector>
<Connector class="oracle.dbtools.crest.swingui.relational.TVFKRelation" oid="7F152482-18B5-0510-AA4C-219C9DBA7D77" otype="FKIndexAssociation" vid_source="9667AB27-1438-8B0C-4491-DE289CD12197" vid_target="B7C93578-3794-5DCF-B833-6D812D7E8469">
<hideElementsInCurrentOnly>false</hideElementsInCurrentOnly>
<backgroundColor>-16777216</backgroundColor>
<lineWidth>1</lineWidth>
<points>
<point x="824" y="575"/>
<point x="824" y="662"/>
</points>
</Connector>
<Connector class="oracle.dbtools.crest.swingui.relational.TVFKRelation" oid="7F896231-0896-CA4E-63CF-C07CB0142B3A" otype="FKIndexAssociation" vid_source="B45F0BA3-B22D-2988-155E-98FF402771E8" vid_target="3596C4F5-4BEE-F39C-F7EA-2130D0EC77E3">
<hideElementsInCurrentOnly>false</hideElementsInCurrentOnly>
<backgroundColor>-16777216</backgroundColor>
<lineWidth>1</lineWidth>
<points>
<point x="1454" y="388"/>
<point x="1453" y="299"/>
</points>
</Connector>
<Connector class="oracle.dbtools.crest.swingui.relational.TVFKRelation" oid="A3E3B62D-AEFF-6061-F427-EABB510C168D" otype="FKIndexAssociation" vid_source="3596C4F5-4BEE-F39C-F7EA-2130D0EC77E3" vid_target="9A073B25-4CA9-681C-EFCE-B2B935EA07D4">
<hideElementsInCurrentOnly>false</hideElementsInCurrentOnly>
<backgroundColor>-16777216</backgroundColor>
<lineWidth>1</lineWidth>
<points>
<point x="1364" y="214"/>
<point x="888" y="214"/>
<point x="888" y="241"/>
</points>
</Connector>
<Connector class="oracle.dbtools.crest.swingui.relational.TVFKRelation" oid="B9041971-D83E-237C-9A01-09F7E5274FD9" otype="FKIndexAssociation" vid_source="9A073B25-4CA9-681C-EFCE-B2B935EA07D4" vid_target="9667AB27-1438-8B0C-4491-DE289CD12197">
<hideElementsInCurrentOnly>false</hideElementsInCurrentOnly>
<backgroundColor>-16777216</backgroundColor>
<lineWidth>1</lineWidth>
<points>
<point x="821" y="357"/>
<point x="821" y="384"/>
<point x="821" y="444"/>
</points>
</Connector>
<Connector class="oracle.dbtools.crest.swingui.relational.TVFKRelation" oid="CFA0AE79-DA48-3054-5CE9-728B6A56964C" otype="FKIndexAssociation" vid_source="9A073B25-4CA9-681C-EFCE-B2B935EA07D4" vid_target="CCC78FDA-2593-D72B-9737-E661A2B1E647">
<hideElementsInCurrentOnly>false</hideElementsInCurrentOnly>
<backgroundColor>-16777216</backgroundColor>
<lineWidth>1</lineWidth>
<points>
<point x="922" y="315"/>
<point x="1081" y="315"/>
</points>
</Connector>
<Connector class="oracle.dbtools.crest.swingui.relational.TVFKRelation" oid="D15F3133-2B5E-CE7B-07A1-180569D90DEF" otype="FKIndexAssociation" vid_source="9980098B-EFF0-FAB4-0B39-09ABDCAA7889" vid_target="9A073B25-4CA9-681C-EFCE-B2B935EA07D4">
<hideElementsInCurrentOnly>false</hideElementsInCurrentOnly>
<backgroundColor>-16777216</backgroundColor>
<lineWidth>1</lineWidth>
<points>
<point x="465" y="289"/>
<point x="722" y="279"/>
</points>
</Connector>
<Connector class="oracle.dbtools.crest.swingui.relational.TVFKRelation" oid="DCF50DAA-9EC2-1865-D1C7-0A447039E2FC" otype="FKIndexAssociation" vid_source="9980098B-EFF0-FAB4-0B39-09ABDCAA7889" vid_target="9667AB27-1438-8B0C-4491-DE289CD12197">
<hideElementsInCurrentOnly>false</hideElementsInCurrentOnly>
<backgroundColor>-16777216</backgroundColor>
<lineWidth>1</lineWidth>
<points>
<point x="465" y="322"/>
<point x="716" y="501"/>
</points>
</Connector>
<Connector class="oracle.dbtools.crest.swingui.relational.TVFKRelation" oid="DED5F137-4A3B-50B6-6753-C94B42F157F9" otype="FKIndexAssociation" vid_source="ADBC2FA6-FA08-2266-018B-D29246287A4D" vid_target="B7C93578-3794-5DCF-B833-6D812D7E8469">
<hideElementsInCurrentOnly>false</hideElementsInCurrentOnly>
<backgroundColor>-16777216</backgroundColor>
<lineWidth>1</lineWidth>
<points>
<point x="601" y="716"/>
<point x="709" y="716"/>
</points>
</Connector>
</connectors>
</Diagram>