<?xml version = '1.0' encoding = 'UTF-8'?>
<Diagram class="oracle.dbtools.crest.swingui.logical.DPVLogical" name="Logical" id="C42FE552-BD65-2391-3DD3-93315445C5A9">
<createdBy>kr</createdBy>
<modifiedBy>kr</modifiedBy>
<createdTime>2019-04-29 17:02:44 UTC</createdTime>
<autoRoute>false</autoRoute>
<boxInbox>true</boxInbox>
<showLegend>true</showLegend>
<showLabels>true</showLabels>
<showRelAttributes>false</showRelAttributes>
<gridEnabled>false</gridEnabled>
<showGrid>false</showGrid>
<diagramColor>-1</diagramColor>
<display>false</display>
<notation>2</notation>
<showAllDetails>false</showAllDetails>
<showElements>true</showElements>
<objectViews>
<OView class="oracle.dbtools.crest.swingui.logical.TVEntity" oid="1C7D0323-3EA5-559F-1A95-0E238FE8F631" otype="Entity" vid="B5B143DC-28A4-E521-098F-A525FB95C26B">
<hideElementsInCurrentOnly>false</hideElementsInCurrentOnly>
<bounds x="1069" y="637" width="189" height="120"/>
</OView>
<OView class="oracle.dbtools.crest.swingui.TVLegend" oid="32A7A80C-91BC-8A98-C442-5D048B75DE69" otype="Legend" vid="A89303DC-D5D4-02E1-314C-5FC19FF26DC2">
<hideElementsInCurrentOnly>false</hideElementsInCurrentOnly>
<bounds x="10" y="10" width="232" height="135"/>
</OView>
<OView class="oracle.dbtools.crest.swingui.logical.TVEntity" oid="3C3FDAD4-5B86-0B7D-A9F0-7863596D4A4E" otype="Entity" vid="595DC960-5AE9-B2F5-256F-B5BB784E6013">
<hideElementsInCurrentOnly>false</hideElementsInCurrentOnly>
<bounds x="722" y="35" width="201" height="111"/>
</OView>
<OView class="oracle.dbtools.crest.swingui.logical.TVEntity" oid="3E9C3BBC-76C4-3089-2414-82950EE768E0" otype="Entity" vid="5F49F5AB-926B-E2BE-40A5-BAD8776990FA">
<hideElementsInCurrentOnly>false</hideElementsInCurrentOnly>
<bounds x="76" y="671" width="200" height="93"/>
</OView>
<OView class="oracle.dbtools.crest.swingui.logical.TVEntity" oid="4BF59CBC-FD34-6EAF-9DBD-3B13CAC911C5" otype="Entity" vid="A74D0DF4-7E4B-091B-50F4-D1EE0F1F1A05">
<hideElementsInCurrentOnly>false</hideElementsInCurrentOnly>
<bounds x="304" y="224" width="161" height="113"/>
</OView>
<OView class="oracle.dbtools.crest.swingui.logical.TVEntity" oid="54550419-C415-45CC-E97C-79C57B52E6F4" otype="Entity" vid="8C903A7C-652B-01D4-D48D-71F1B088907D">
<hideElementsInCurrentOnly>false</hideElementsInCurrentOnly>
<bounds x="722" y="241" width="200" height="116"/>
</OView>
<OView class="oracle.dbtools.crest.swingui.logical.TVEntity" oid="731EAE93-A4D2-D8C3-2200-DF8E2D5D08EA" otype="Entity" vid="0131325F-54CE-AD51-FD30-0E6B90D03620">
<hideElementsInCurrentOnly>false</hideElementsInCurrentOnly>
<bounds x="60" y="230" width="156" height="101"/>
</OView>
<OView class="oracle.dbtools.crest.swingui.logical.TVEntity" oid="9AFE1FF3-22C9-9EA6-0829-3BF7EA6CDAC4" otype="Entity" vid="AEC71CC9-0EEC-AFB7-7B08-8A3B22225FCD">
<hideElementsInCurrentOnly>false</hideElementsInCurrentOnly>
<bounds x="1364" y="167" width="181" height="132"/>
</OView>
<OView class="oracle.dbtools.crest.swingui.logical.TVEntity" oid="B06D5AA5-A006-F629-4889-51E6AD5E8387" otype="Entity" vid="D9290853-60D3-F493-1B5F-6CF87732E90A">
<hideElementsInCurrentOnly>false</hideElementsInCurrentOnly>
<bounds x="1365" y="388" width="178" height="125"/>
</OView>
<OView class="oracle.dbtools.crest.swingui.logical.TVEntity" oid="D2DB3A53-BF3C-7DAB-2969-50BCDAE3F84B" otype="Entity" vid="B3D619F1-C0D8-0A81-3A20-B704B973E6BB">
<hideElementsInCurrentOnly>false</hideElementsInCurrentOnly>
<bounds x="716" y="444" width="217" height="131"/>
</OView>
<OView class="oracle.dbtools.crest.swingui.logical.TVEntity" oid="D871690A-E357-F641-3C7B-71B4529A1E77" otype="Entity" vid="06E4D979-AB86-791A-60C1-2211A33D96ED">
<hideElementsInCurrentOnly>false</hideElementsInCurrentOnly>
<bounds x="709" y="662" width="234" height="115"/>
</OView>
<OView class="oracle.dbtools.crest.swingui.logical.TVEntity" oid="F3891B21-BBB6-FDDA-E68A-AFA934DE4265" otype="Entity" vid="D227E927-544F-77D0-FD58-D7B94556CA3F">
<hideElementsInCurrentOnly>false</hideElementsInCurrentOnly>
<bounds x="1081" y="273" width="165" height="101"/>
</OView>
<OView class="oracle.dbtools.crest.swingui.logical.TVEntity" oid="F7CFCAD1-70A5-C096-46E1-9FFCF0E7A57E" otype="Entity" vid="ED22D3D7-7A73-C3F1-FA5E-D83833C42C2D">
<hideElementsInCurrentOnly>false</hideElementsInCurrentOnly>
<bounds x="385" y="663" width="216" height="107"/>
</OView>
<OView class="oracle.dbtools.crest.swingui.logical.TVEntity" oid="FBEAD388-76F6-99CF-63A5-0D6AEE781A3C" otype="Entity" vid="38708233-A30E-7345-E659-E1201F0205E8">
<hideElementsInCurrentOnly>false</hideElementsInCurrentOnly>
<bounds x="1372" y="607" width="188" height="145"/>
</OView>
<OView class="oracle.dbtools.crest.swingui.logical.TVEntity" oid="FC09CDB5-33C5-0EE5-022C-968450A12520" otype="Entity" vid="09891226-3AB5-1396-532C-C97EFFA97D5F">
<hideElementsInCurrentOnly>false</hideElementsInCurrentOnly>
<bounds x="1057" y="443" width="225" height="131"/>
</OView>
</objectViews>
<connectors>
<Connector class="oracle.dbtools.crest.swingui.logical.TVRelation" oid="02EDF672-C0CF-FC0A-551B-E571EEC5FDF4" otype="Relation" vid_source="8C903A7C-652B-01D4-D48D-71F1B088907D" vid_target="D227E927-544F-77D0-FD58-D7B94556CA3F">
<hideElementsInCurrentOnly>false</hideElementsInCurrentOnly>
<backgroundColor>-16777216</backgroundColor>
<lineWidth>1</lineWidth>
<sourceLabel class="oracle.dbtools.crest.model.design.Label">
<site>0</site>
<labelBounds x="932" y="293" width="70" height="22"/>
<noBackgroundColor>true</noBackgroundColor>
<noForegroundColor>true</noForegroundColor>
</sourceLabel>
<points>
<point x="922" y="315"/>
<point x="1081" y="315"/>
</points>
</Connector>
<Connector class="oracle.dbtools.crest.swingui.logical.TVRelation" oid="0EFC5C5D-542C-D3F1-7E6F-66563CCF4489" otype="Relation" vid_source="ED22D3D7-7A73-C3F1-FA5E-D83833C42C2D" vid_target="06E4D979-AB86-791A-60C1-2211A33D96ED">
<hideElementsInCurrentOnly>false</hideElementsInCurrentOnly>
<backgroundColor>-16777216</backgroundColor>
<lineWidth>1</lineWidth>
<sourceLabel class="oracle.dbtools.crest.model.design.Label">
<site>0</site>
<labelBounds x="611" y="683" width="79" height="33"/>
<noBackgroundColor>true</noBackgroundColor>
<noForegroundColor>true</noForegroundColor>
</sourceLabel>
<points>
<point x="601" y="716"/>
<point x="709" y="716"/>
</points>
</Connector>
<Connector class="oracle.dbtools.crest.swingui.logical.TVRelation" oid="11F6D856-722A-E193-2D3F-FED8023E0F1C" otype="Relation" vid_source="A74D0DF4-7E4B-091B-50F4-D1EE0F1F1A05" vid_target="B3D619F1-C0D8-0A81-3A20-B704B973E6BB">
<hideElementsInCurrentOnly>false</hideElementsInCurrentOnly>
<backgroundColor>-16777216</backgroundColor>
<lineWidth>1</lineWidth>
<sourceLabel class="oracle.dbtools.crest.model.design.Label">
<site>0</site>
<labelBounds x="416" y="413" width="62" height="70"/>
<noBackgroundColor>true</noBackgroundColor>
<noForegroundColor>true</noForegroundColor>
</sourceLabel>
<points>
<point x="416" y="337"/>
<point x="416" y="484"/>
<point x="716" y="484"/>
</points>
</Connector>
<Connector class="oracle.dbtools.crest.swingui.logical.TVRelation" oid="1E0C9B36-9C2A-A15C-3F30-347CEBCE968F" otype="Relation" vid_source="AEC71CC9-0EEC-AFB7-7B08-8A3B22225FCD" vid_target="D227E927-544F-77D0-FD58-D7B94556CA3F">
<hideElementsInCurrentOnly>false</hideElementsInCurrentOnly>
<backgroundColor>-16777216</backgroundColor>
<lineWidth>1</lineWidth>
<sourceLabel class="oracle.dbtools.crest.model.design.Label">
<site>0</site>
<labelBounds x="1286" y="226" width="72" height="18"/>
<noBackgroundColor>true</noBackgroundColor>
<noForegroundColor>true</noForegroundColor>
</sourceLabel>
<points>
<point x="1364" y="244"/>
<point x="1168" y="244"/>
<point x="1168" y="273"/>
</points>
</Connector>
<Connector class="oracle.dbtools.crest.swingui.logical.TVRelation" oid="3D8E07EA-B085-9D9D-5FD1-5CE9547DB4D1" otype="Relation" vid_source="09891226-3AB5-1396-532C-C97EFFA97D5F" vid_target="B3D619F1-C0D8-0A81-3A20-B704B973E6BB">
<hideElementsInCurrentOnly>false</hideElementsInCurrentOnly>
<backgroundColor>-16777216</backgroundColor>
<lineWidth>1</lineWidth>
<sourceLabel class="oracle.dbtools.crest.model.design.Label">
<site>0</site>
<labelBounds x="978" y="506" width="73" height="24"/>
<noBackgroundColor>true</noBackgroundColor>
<noForegroundColor>true</noForegroundColor>
</sourceLabel>
<points>
<point x="1057" y="506"/>
<point x="933" y="509"/>
</points>
</Connector>
<Connector class="oracle.dbtools.crest.swingui.logical.TVRelation" oid="4AE742E2-F219-2026-FF00-38C98657D34B" otype="Relation" vid_source="5F49F5AB-926B-E2BE-40A5-BAD8776990FA" vid_target="ED22D3D7-7A73-C3F1-FA5E-D83833C42C2D">
<hideElementsInCurrentOnly>false</hideElementsInCurrentOnly>
<backgroundColor>-16777216</backgroundColor>
<lineWidth>1</lineWidth>
<sourceLabel class="oracle.dbtools.crest.model.design.Label">
<site>0</site>
<labelBounds x="286" y="716" width="55" height="30"/>
<noBackgroundColor>true</noBackgroundColor>
<noForegroundColor>true</noForegroundColor>
</sourceLabel>
<points>
<point x="276" y="716"/>
<point x="385" y="717"/>
</points>
</Connector>
<Connector class="oracle.dbtools.crest.swingui.logical.TVRelation" oid="4CA802BC-CD3B-1231-C55E-8653AF257F15" otype="Relation" vid_source="B5B143DC-28A4-E521-098F-A525FB95C26B" vid_target="38708233-A30E-7345-E659-E1201F0205E8">
<hideElementsInCurrentOnly>false</hideElementsInCurrentOnly>
<backgroundColor>-16777216</backgroundColor>
<lineWidth>1</lineWidth>
<sourceLabel class="oracle.dbtools.crest.model.design.Label">
<site>0</site>
<labelBounds x="1268" y="664" width="66" height="30"/>
<noBackgroundColor>true</noBackgroundColor>
<noForegroundColor>true</noForegroundColor>
</sourceLabel>
<points>
<point x="1258" y="694"/>
<point x="1372" y="694"/>
</points>
</Connector>
<Connector class="oracle.dbtools.crest.swingui.logical.TVRelation" oid="56E12996-960B-C249-3EF2-6E3C56905A19" otype="Relation" vid_source="B3D619F1-C0D8-0A81-3A20-B704B973E6BB" vid_target="06E4D979-AB86-791A-60C1-2211A33D96ED">
<hideElementsInCurrentOnly>false</hideElementsInCurrentOnly>
<backgroundColor>-16777216</backgroundColor>
<lineWidth>1</lineWidth>
<sourceLabel class="oracle.dbtools.crest.model.design.Label">
<site>0</site>
<labelBounds x="824" y="610" width="35" height="13"/>
<noBackgroundColor>true</noBackgroundColor>
<noForegroundColor>true</noForegroundColor>
</sourceLabel>
<points>
<point x="824" y="575"/>
<point x="824" y="662"/>
</points>
</Connector>
<Connector class="oracle.dbtools.crest.swingui.logical.TVRelation" oid="59F660F4-A18A-97FC-1F21-BDAC233C78DB" otype="Relation" vid_source="A74D0DF4-7E4B-091B-50F4-D1EE0F1F1A05" vid_target="0131325F-54CE-AD51-FD30-0E6B90D03620">
<hideElementsInCurrentOnly>false</hideElementsInCurrentOnly>
<backgroundColor>-16777216</backgroundColor>
<lineWidth>1</lineWidth>
<sourceLabel class="oracle.dbtools.crest.model.design.Label">
<site>0</site>
<labelBounds x="267" y="250" width="31" height="30"/>
<noBackgroundColor>true</noBackgroundColor>
<noForegroundColor>true</noForegroundColor>
</sourceLabel>
<points>
<point x="304" y="280"/>
<point x="216" y="280"/>
</points>
</Connector>
<Connector class="oracle.dbtools.crest.swingui.logical.TVRelation" oid="656D3E89-674B-B408-BA1D-CDFC9C96ADFC" otype="Relation" vid_source="A74D0DF4-7E4B-091B-50F4-D1EE0F1F1A05" vid_target="8C903A7C-652B-01D4-D48D-71F1B088907D">
<hideElementsInCurrentOnly>false</hideElementsInCurrentOnly>
<backgroundColor>-16777216</backgroundColor>
<lineWidth>1</lineWidth>
<sourceLabel class="oracle.dbtools.crest.model.design.Label">
<site>0</site>
<labelBounds x="475" y="249" width="62" height="30"/>
<noBackgroundColor>true</noBackgroundColor>
<noForegroundColor>true</noForegroundColor>
</sourceLabel>
<points>
<point x="465" y="279"/>
<point x="722" y="279"/>
</points>
</Connector>
<Connector class="oracle.dbtools.crest.swingui.logical.TVRelation" oid="7CB5DF8F-9B0D-1AC9-EFCF-6E1745232969" otype="Relation" vid_source="A74D0DF4-7E4B-091B-50F4-D1EE0F1F1A05" vid_target="B3D619F1-C0D8-0A81-3A20-B704B973E6BB">
<hideElementsInCurrentOnly>false</hideElementsInCurrentOnly>
<backgroundColor>-16777216</backgroundColor>
<lineWidth>1</lineWidth>
<sourceLabel class="oracle.dbtools.crest.model.design.Label">
<site>0</site>
<labelBounds x="356" y="397" width="55" height="30"/>
<noBackgroundColor>true</noBackgroundColor>
<noForegroundColor>true</noForegroundColor>
</sourceLabel>
<points>
<point x="356" y="337"/>
<point x="356" y="501"/>
<point x="716" y="501"/>
</points>
</Connector>
<Connector class="oracle.dbtools.crest.swingui.logical.TVRelation" oid="85B9470F-17CD-D129-3DD8-80D09204CA1F" otype="Relation" vid_source="AEC71CC9-0EEC-AFB7-7B08-8A3B22225FCD" vid_target="8C903A7C-652B-01D4-D48D-71F1B088907D">
<hideElementsInCurrentOnly>false</hideElementsInCurrentOnly>
<backgroundColor>-16777216</backgroundColor>
<lineWidth>1</lineWidth>
<sourceLabel class="oracle.dbtools.crest.model.design.Label">
<site>0</site>
<labelBounds x="1229" y="193" width="129" height="21"/>
<noBackgroundColor>true</noBackgroundColor>
<noForegroundColor>true</noForegroundColor>
</sourceLabel>
<points>
<point x="1364" y="214"/>
<point x="888" y="214"/>
<point x="888" y="241"/>
</points>
</Connector>
<Connector class="oracle.dbtools.crest.swingui.logical.TVRelation" oid="B8A334E5-F8B1-F091-8A5F-683D330CB742" otype="Relation" vid_source="595DC960-5AE9-B2F5-256F-B5BB784E6013" vid_target="8C903A7C-652B-01D4-D48D-71F1B088907D">
<hideElementsInCurrentOnly>false</hideElementsInCurrentOnly>
<backgroundColor>-16777216</backgroundColor>
<lineWidth>1</lineWidth>
<sourceLabel class="oracle.dbtools.crest.model.design.Label">
<site>0</site>
<labelBounds x="822" y="182" width="83" height="30"/>
<noBackgroundColor>true</noBackgroundColor>
<noForegroundColor>true</noForegroundColor>
</sourceLabel>
<points>
<point x="822" y="146"/>
<point x="822" y="241"/>
</points>
</Connector>
<Connector class="oracle.dbtools.crest.swingui.logical.TVRelation" oid="D78E7EE5-A733-029B-D767-2A0774CAE0B2" otype="Relation" vid_source="8C903A7C-652B-01D4-D48D-71F1B088907D" vid_target="B3D619F1-C0D8-0A81-3A20-B704B973E6BB">
<hideElementsInCurrentOnly>false</hideElementsInCurrentOnly>
<backgroundColor>-16777216</backgroundColor>
<lineWidth>1</lineWidth>
<sourceLabel class="oracle.dbtools.crest.model.design.Label">
<site>0</site>
<labelBounds x="821" y="425" width="49" height="30"/>
<noBackgroundColor>true</noBackgroundColor>
<noForegroundColor>true</noForegroundColor>
</sourceLabel>
<points>
<point x="821" y="357"/>
<point x="821" y="384"/>
<point x="821" y="444"/>
</points>
</Connector>
<Connector class="oracle.dbtools.crest.swingui.logical.TVRelation" oid="EADCEB47-0084-6655-D9FC-BD066014FEF3" otype="Relation" vid_source="D9290853-60D3-F493-1B5F-6CF87732E90A" vid_target="AEC71CC9-0EEC-AFB7-7B08-8A3B22225FCD">
<hideElementsInCurrentOnly>false</hideElementsInCurrentOnly>
<backgroundColor>-16777216</backgroundColor>
<lineWidth>1</lineWidth>
<sourceLabel class="oracle.dbtools.crest.model.design.Label">
<site>0</site>
<labelBounds x="1454" y="352" width="31" height="30"/>
<noBackgroundColor>true</noBackgroundColor>
<noForegroundColor>true</noForegroundColor>
</sourceLabel>
<points>
<point x="1454" y="388"/>
<point x="1453" y="299"/>
</points>
</Connector>
<Connector class="oracle.dbtools.crest.swingui.logical.TVRelation" oid="F998F37E-A79D-D665-0582-59F3379A1B59" otype="Relation" vid_source="D9290853-60D3-F493-1B5F-6CF87732E90A" vid_target="38708233-A30E-7345-E659-E1201F0205E8">
<hideElementsInCurrentOnly>false</hideElementsInCurrentOnly>
<backgroundColor>-16777216</backgroundColor>
<lineWidth>1</lineWidth>
<sourceLabel class="oracle.dbtools.crest.model.design.Label">
<site>0</site>
<labelBounds x="1457" y="557" width="92" height="30"/>
<noBackgroundColor>true</noBackgroundColor>
<noForegroundColor>true</noForegroundColor>
</sourceLabel>
<points>
<point x="1457" y="513"/>
<point x="1457" y="607"/>
</points>
</Connector>
</connectors>
</Diagram>