/* FIT9132 2019 S1 Assignment 2 Q1-Part A ANSWERS
   Student Name: Cong Son Huynh
    Student ID: 30377080

   Comments to your marker:
   
*/

SET DEFINE OFF;
Insert into PATIENT (PATIENT_ID,PATIENT_FNAME,PATIENT_LNAME,PATIENT_ADDRESS,PATIENT_DOB,PATIENT_CONTACT_PHN) values (166411,'Mira','Avocado','44 Porana Place Carlton',to_date('03-Nov-1991','DD-MON-YYYY'),'0401234567');
Insert into PATIENT (PATIENT_ID,PATIENT_FNAME,PATIENT_LNAME,PATIENT_ADDRESS,PATIENT_DOB,PATIENT_CONTACT_PHN) values (125648,'Blake','Tritton','71 Kogil Street Balaclava',to_date('26-Oct-1970','DD-MON-YYYY'),'1267686647');
Insert into PATIENT (PATIENT_ID,PATIENT_FNAME,PATIENT_LNAME,PATIENT_ADDRESS,PATIENT_DOB,PATIENT_CONTACT_PHN) values (135879,'Karin','Hoffmann','20 Link Road St Kilda',to_date('04-Mar-1987','DD-MON-YYYY'),'2362283380');
Insert into PATIENT (PATIENT_ID,PATIENT_FNAME,PATIENT_LNAME,PATIENT_ADDRESS,PATIENT_DOB,PATIENT_CONTACT_PHN) values (112346,'Milva Arroyo','Ortega','62 Denison Road Southbank',to_date('10-Oct-1948','DD-MON-YYYY'),'2395265242');
Insert into PATIENT (PATIENT_ID,PATIENT_FNAME,PATIENT_LNAME,PATIENT_ADDRESS,PATIENT_DOB,PATIENT_CONTACT_PHN) values (111987,'Isla','Kneeshaw','56 Cecil Street Burnley',to_date('15-Oct-1972','DD-MON-YYYY'),'3291540704');
Insert into PATIENT (PATIENT_ID,PATIENT_FNAME,PATIENT_LNAME,PATIENT_ADDRESS,PATIENT_DOB,PATIENT_CONTACT_PHN) values (94568,'Y Nhi','Nguyen','15 Hillside Ave Dandenong North',to_date('16-Jul-1997','DD-MON-YYYY'),'2845219602');
Insert into PATIENT (PATIENT_ID,PATIENT_FNAME,PATIENT_LNAME,PATIENT_ADDRESS,PATIENT_DOB,PATIENT_CONTACT_PHN) values (152647,'Lucinda','Burford','97 Shirley Street Bundoora',to_date('19-Nov-1959','DD-MON-YYYY'),'6731618609');
Insert into PATIENT (PATIENT_ID,PATIENT_FNAME,PATIENT_LNAME,PATIENT_ADDRESS,PATIENT_DOB,PATIENT_CONTACT_PHN) values (136521,'Beau','Craig','57 Cornish Street Coolaroo',to_date('07-Jul-1990','DD-MON-YYYY'),'4383811316');
Insert into PATIENT (PATIENT_ID,PATIENT_FNAME,PATIENT_LNAME,PATIENT_ADDRESS,PATIENT_DOB,PATIENT_CONTACT_PHN) values (115684,'Isabelle','Mault','25 High Street Hughesdale',to_date('27-Sep-1986','DD-MON-YYYY'),'5983085860');
Insert into PATIENT (PATIENT_ID,PATIENT_FNAME,PATIENT_LNAME,PATIENT_ADDRESS,PATIENT_DOB,PATIENT_CONTACT_PHN) values (119762,'Nudhar','Issa','88 Thomas Lane Mulgrave',to_date('05-Jul-1977','DD-MON-YYYY'),'5381628360');
Insert into PATIENT (PATIENT_ID,PATIENT_FNAME,PATIENT_LNAME,PATIENT_ADDRESS,PATIENT_DOB,PATIENT_CONTACT_PHN) values (132354,'Maddison','Goldsmith','17 Brown Street Mornington',to_date('10-Jan-1980','DD-MON-YYYY'),'4299299401');
Insert into PATIENT (PATIENT_ID,PATIENT_FNAME,PATIENT_LNAME,PATIENT_ADDRESS,PATIENT_DOB,PATIENT_CONTACT_PHN) values (122369,'Song','Liang','88 Commercial Street Fingal',to_date('10-Feb-1985','DD-MON-YYYY'),'5946581223');
Insert into PATIENT (PATIENT_ID,PATIENT_FNAME,PATIENT_LNAME,PATIENT_ADDRESS,PATIENT_DOB,PATIENT_CONTACT_PHN) values (124157,'Kayla','Ransford','95 Normans Road St Albans East',to_date('10-May-1975','DD-MON-YYYY'),'5253510193');
Insert into PATIENT (PATIENT_ID,PATIENT_FNAME,PATIENT_LNAME,PATIENT_ADDRESS,PATIENT_DOB,PATIENT_CONTACT_PHN) values (165874,'Spencer','Chute','74 Jacabina Court Brooklyn',to_date('17-Jun-1980','DD-MON-YYYY'),'2242247260');
Insert into PATIENT (PATIENT_ID,PATIENT_FNAME,PATIENT_LNAME,PATIENT_ADDRESS,PATIENT_DOB,PATIENT_CONTACT_PHN) values (165875,'Isabella','Chute','74 Jacabina Court Brooklyn',to_date('02-Sep-1985','DD-MON-YYYY'),'6522487514');


SET DEFINE OFF;
Insert into ADMISSION (ADM_NO,ADM_DATE_TIME,ADM_DISCHARGE,PATIENT_ID,DOCTOR_ID) values (101255,to_date('02-Feb-2019 14:30','DD-MON-YYYY HH24:MI'),to_date('17-Apr-2019 11:00','DD-MON-YYYY HH24:MI'),166411,1005);
Insert into ADMISSION (ADM_NO,ADM_DATE_TIME,ADM_DISCHARGE,PATIENT_ID,DOCTOR_ID) values (113487,to_date('23-Feb-2019 16:35','DD-MON-YYYY HH24:MI'),to_date('27-Feb-2019 11:16','DD-MON-YYYY HH24:MI'),111987,1064);
Insert into ADMISSION (ADM_NO,ADM_DATE_TIME,ADM_DISCHARGE,PATIENT_ID,DOCTOR_ID) values (125521,to_date('01-Mar-2019 08:23','DD-MON-YYYY HH24:MI'),to_date('08-Mar-2019 10:42','DD-MON-YYYY HH24:MI'),152647,1069);
Insert into ADMISSION (ADM_NO,ADM_DATE_TIME,ADM_DISCHARGE,PATIENT_ID,DOCTOR_ID) values (138521,to_date('14-Mar-2019 10:54','DD-MON-YYYY HH24:MI'),null,132354,1012);
Insert into ADMISSION (ADM_NO,ADM_DATE_TIME,ADM_DISCHARGE,PATIENT_ID,DOCTOR_ID) values (138544,to_date('14-Mar-2019 13:00','DD-MON-YYYY HH24:MI'),to_date('16-Mar-2019 11:00','DD-MON-YYYY HH24:MI'),136521,7900);
Insert into ADMISSION (ADM_NO,ADM_DATE_TIME,ADM_DISCHARGE,PATIENT_ID,DOCTOR_ID) values (139654,to_date('16-Mar-2019 19:14','DD-MON-YYYY HH24:MI'),to_date('04-Apr-2019 11:03','DD-MON-YYYY HH24:MI'),122369,1018);
Insert into ADMISSION (ADM_NO,ADM_DATE_TIME,ADM_DISCHARGE,PATIENT_ID,DOCTOR_ID) values (155020,to_date('24-Mar-2019 18:22','DD-MON-YYYY HH24:MI'),to_date('01-Apr-2019 15:31','DD-MON-YYYY HH24:MI'),152647,1069);
Insert into ADMISSION (ADM_NO,ADM_DATE_TIME,ADM_DISCHARGE,PATIENT_ID,DOCTOR_ID) values (161023,to_date('27-Mar-2019 12:16','DD-MON-YYYY HH24:MI'),to_date('06-Apr-2019 09:57','DD-MON-YYYY HH24:MI'),136521,1084);
Insert into ADMISSION (ADM_NO,ADM_DATE_TIME,ADM_DISCHARGE,PATIENT_ID,DOCTOR_ID) values (164225,to_date('29-Mar-2019 10:45','DD-MON-YYYY HH24:MI'),null,124157,1095);
Insert into ADMISSION (ADM_NO,ADM_DATE_TIME,ADM_DISCHARGE,PATIENT_ID,DOCTOR_ID) values (177541,to_date('10-Apr-2019 17:10','DD-MON-YYYY HH24:MI'),to_date('13-Apr-2019 16:07','DD-MON-YYYY HH24:MI'),135879,1099);
Insert into ADMISSION (ADM_NO,ADM_DATE_TIME,ADM_DISCHARGE,PATIENT_ID,DOCTOR_ID) values (179562,to_date('15-Apr-2019 09:09','DD-MON-YYYY HH24:MI'),to_date('24-Apr-2019 11:05','DD-MON-YYYY HH24:MI'),135879,1099);
Insert into ADMISSION (ADM_NO,ADM_DATE_TIME,ADM_DISCHARGE,PATIENT_ID,DOCTOR_ID) values (183520,to_date('28-Apr-2019 08:23','DD-MON-YYYY HH24:MI'),to_date('13-May-2019 10:26','DD-MON-YYYY HH24:MI'),94568,1028);
Insert into ADMISSION (ADM_NO,ADM_DATE_TIME,ADM_DISCHARGE,PATIENT_ID,DOCTOR_ID) values (187005,to_date('02-May-2019 14:15','DD-MON-YYYY HH24:MI'),to_date('11-May-2019 16:11','DD-MON-YYYY HH24:MI'),136521,1069);
Insert into ADMISSION (ADM_NO,ADM_DATE_TIME,ADM_DISCHARGE,PATIENT_ID,DOCTOR_ID) values (194512,to_date('08-May-2019 09:15','DD-MON-YYYY HH24:MI'),null,152647,1028);
Insert into ADMISSION (ADM_NO,ADM_DATE_TIME,ADM_DISCHARGE,PATIENT_ID,DOCTOR_ID) values (199668,to_date('13-May-2019 13:13','DD-MON-YYYY HH24:MI'),null,165874,2459);
Insert into ADMISSION (ADM_NO,ADM_DATE_TIME,ADM_DISCHARGE,PATIENT_ID,DOCTOR_ID) values (199669,to_date('13-May-2019 13:21','DD-MON-YYYY HH24:MI'),null,165875,2459);


SET DEFINE OFF;
Insert into ADM_PRC (ADPRC_NO,ADPRC_DATE_TIME,ADPRC_PAT_COST,ADPRC_ITEMS_COST,ADM_NO,PROC_CODE,REQUEST_DR_ID,PERFORM_DR_ID) values (106654,to_date('05-Feb-2019 09:00','DD-MON-YYYY HH24:MI'),30,120.8,101255,40100,1005,1028);
Insert into ADM_PRC (ADPRC_NO,ADPRC_DATE_TIME,ADPRC_PAT_COST,ADPRC_ITEMS_COST,ADM_NO,PROC_CODE,REQUEST_DR_ID,PERFORM_DR_ID) values (122356,to_date('23-Feb-2019 18:00','DD-MON-YYYY HH24:MI'),85,0,113487,33335,1064,null);
Insert into ADM_PRC (ADPRC_NO,ADPRC_DATE_TIME,ADPRC_PAT_COST,ADPRC_ITEMS_COST,ADM_NO,PROC_CODE,REQUEST_DR_ID,PERFORM_DR_ID) values (126457,to_date('01-Mar-2019 12:00','DD-MON-YYYY HH24:MI'),28,0,125521,65554,1069,null);
Insert into ADM_PRC (ADPRC_NO,ADPRC_DATE_TIME,ADPRC_PAT_COST,ADPRC_ITEMS_COST,ADM_NO,PROC_CODE,REQUEST_DR_ID,PERFORM_DR_ID) values (136874,to_date('15-Mar-2019 13:00','DD-MON-YYYY HH24:MI'),45,0,138521,40099,1012,null);
Insert into ADM_PRC (ADPRC_NO,ADPRC_DATE_TIME,ADPRC_PAT_COST,ADPRC_ITEMS_COST,ADM_NO,PROC_CODE,REQUEST_DR_ID,PERFORM_DR_ID) values (139324,to_date('17-Mar-2019 09:00','DD-MON-YYYY HH24:MI'),480,0,139654,17122,1005,1027);
Insert into ADM_PRC (ADPRC_NO,ADPRC_DATE_TIME,ADPRC_PAT_COST,ADPRC_ITEMS_COST,ADM_NO,PROC_CODE,REQUEST_DR_ID,PERFORM_DR_ID) values (150024,to_date('25-Mar-2019 07:00','DD-MON-YYYY HH24:MI'),69,0,155020,32266,1061,1069);
Insert into ADM_PRC (ADPRC_NO,ADPRC_DATE_TIME,ADPRC_PAT_COST,ADPRC_ITEMS_COST,ADM_NO,PROC_CODE,REQUEST_DR_ID,PERFORM_DR_ID) values (153642,to_date('27-Mar-2019 10:30','DD-MON-YYYY HH24:MI'),70,0,138521,71432,1033,1033);
Insert into ADM_PRC (ADPRC_NO,ADPRC_DATE_TIME,ADPRC_PAT_COST,ADPRC_ITEMS_COST,ADM_NO,PROC_CODE,REQUEST_DR_ID,PERFORM_DR_ID) values (154010,to_date('27-Mar-2019 17:00','DD-MON-YYYY HH24:MI'),220,190.29,161023,54132,1084,1084);
Insert into ADM_PRC (ADPRC_NO,ADPRC_DATE_TIME,ADPRC_PAT_COST,ADPRC_ITEMS_COST,ADM_NO,PROC_CODE,REQUEST_DR_ID,PERFORM_DR_ID) values (162998,to_date('30-Mar-2019 12:00','DD-MON-YYYY HH24:MI'),35,4.5,164225,40100,1095,1084);
Insert into ADM_PRC (ADPRC_NO,ADPRC_DATE_TIME,ADPRC_PAT_COST,ADPRC_ITEMS_COST,ADM_NO,PROC_CODE,REQUEST_DR_ID,PERFORM_DR_ID) values (165203,to_date('03-Apr-2019 14:00','DD-MON-YYYY HH24:MI'),60,0,138521,19887,1012,null);
Insert into ADM_PRC (ADPRC_NO,ADPRC_DATE_TIME,ADPRC_PAT_COST,ADPRC_ITEMS_COST,ADM_NO,PROC_CODE,REQUEST_DR_ID,PERFORM_DR_ID) values (176024,to_date('11-Apr-2019 09:30','DD-MON-YYYY HH24:MI'),240,81.2,164225,54132,1084,1084);
Insert into ADM_PRC (ADPRC_NO,ADPRC_DATE_TIME,ADPRC_PAT_COST,ADPRC_ITEMS_COST,ADM_NO,PROC_CODE,REQUEST_DR_ID,PERFORM_DR_ID) values (179845,to_date('15-Apr-2019 16:30','DD-MON-YYYY HH24:MI'),600,126.07,179562,27459,1099,1099);
Insert into ADM_PRC (ADPRC_NO,ADPRC_DATE_TIME,ADPRC_PAT_COST,ADPRC_ITEMS_COST,ADM_NO,PROC_CODE,REQUEST_DR_ID,PERFORM_DR_ID) values (180215,to_date('16-Apr-2019 08:00','DD-MON-YYYY HH24:MI'),39,0,101255,65554,1028,null);
Insert into ADM_PRC (ADPRC_NO,ADPRC_DATE_TIME,ADPRC_PAT_COST,ADPRC_ITEMS_COST,ADM_NO,PROC_CODE,REQUEST_DR_ID,PERFORM_DR_ID) values (188945,to_date('28-Apr-2019 10:00','DD-MON-YYYY HH24:MI'),70,0,183520,33335,1048,null);
Insert into ADM_PRC (ADPRC_NO,ADPRC_DATE_TIME,ADPRC_PAT_COST,ADPRC_ITEMS_COST,ADM_NO,PROC_CODE,REQUEST_DR_ID,PERFORM_DR_ID) values (190265,to_date('02-May-2019 16:30','DD-MON-YYYY HH24:MI'),26,4.5,187005,40100,1005,1028);
Insert into ADM_PRC (ADPRC_NO,ADPRC_DATE_TIME,ADPRC_PAT_COST,ADPRC_ITEMS_COST,ADM_NO,PROC_CODE,REQUEST_DR_ID,PERFORM_DR_ID) values (191542,to_date('03-May-2019 11:00','DD-MON-YYYY HH24:MI'),30,0,164225,65554,1084,null);
Insert into ADM_PRC (ADPRC_NO,ADPRC_DATE_TIME,ADPRC_PAT_COST,ADPRC_ITEMS_COST,ADM_NO,PROC_CODE,REQUEST_DR_ID,PERFORM_DR_ID) values (193024,to_date('07-May-2019 09:00','DD-MON-YYYY HH24:MI'),620,74.88,183520,27459,1064,1064);
Insert into ADM_PRC (ADPRC_NO,ADPRC_DATE_TIME,ADPRC_PAT_COST,ADPRC_ITEMS_COST,ADM_NO,PROC_CODE,REQUEST_DR_ID,PERFORM_DR_ID) values (193942,to_date('08-May-2019 15:00','DD-MON-YYYY HH24:MI'),400,224.62,194512,43112,1033,1060);
Insert into ADM_PRC (ADPRC_NO,ADPRC_DATE_TIME,ADPRC_PAT_COST,ADPRC_ITEMS_COST,ADM_NO,PROC_CODE,REQUEST_DR_ID,PERFORM_DR_ID) values (196021,to_date('13-May-2019 15:00','DD-MON-YYYY HH24:MI'),180,0,199668,15511,2459,null);
Insert into ADM_PRC (ADPRC_NO,ADPRC_DATE_TIME,ADPRC_PAT_COST,ADPRC_ITEMS_COST,ADM_NO,PROC_CODE,REQUEST_DR_ID,PERFORM_DR_ID) values (196029,to_date('13-May-2019 17:00','DD-MON-YYYY HH24:MI'),120,9.7,199669,43114,2459,1005);


SET DEFINE OFF;
Insert into ITEM_TREATMENT (ADPRC_NO,ITEM_CODE,IT_QTY_USED,IT_ITEM_TOTAL_COST) values (106654,'SS006',8,120.8);
Insert into ITEM_TREATMENT (ADPRC_NO,ITEM_CODE,IT_QTY_USED,IT_ITEM_TOTAL_COST) values (154010,'CE001',2,7.96);
Insert into ITEM_TREATMENT (ADPRC_NO,ITEM_CODE,IT_QTY_USED,IT_ITEM_TOTAL_COST) values (154010,'AN002',1,182.33);
Insert into ITEM_TREATMENT (ADPRC_NO,ITEM_CODE,IT_QTY_USED,IT_ITEM_TOTAL_COST) values (162998,'TN010',5,2.25);
Insert into ITEM_TREATMENT (ADPRC_NO,ITEM_CODE,IT_QTY_USED,IT_ITEM_TOTAL_COST) values (162998,'CA002',1,2.25);
Insert into ITEM_TREATMENT (ADPRC_NO,ITEM_CODE,IT_QTY_USED,IT_ITEM_TOTAL_COST) values (176024,'AP050',1,81.2);
Insert into ITEM_TREATMENT (ADPRC_NO,ITEM_CODE,IT_QTY_USED,IT_ITEM_TOTAL_COST) values (179845,'EA030',1,110.15);
Insert into ITEM_TREATMENT (ADPRC_NO,ITEM_CODE,IT_QTY_USED,IT_ITEM_TOTAL_COST) values (179845,'CE001',4,15.92);
Insert into ITEM_TREATMENT (ADPRC_NO,ITEM_CODE,IT_QTY_USED,IT_ITEM_TOTAL_COST) values (190265,'TN010',10,4.5);
Insert into ITEM_TREATMENT (ADPRC_NO,ITEM_CODE,IT_QTY_USED,IT_ITEM_TOTAL_COST) values (193024,'OV001',3,12.84);
Insert into ITEM_TREATMENT (ADPRC_NO,ITEM_CODE,IT_QTY_USED,IT_ITEM_TOTAL_COST) values (193024,'CF050',1,62.04);
Insert into ITEM_TREATMENT (ADPRC_NO,ITEM_CODE,IT_QTY_USED,IT_ITEM_TOTAL_COST) values (193942,'LB250',1,215.1);
Insert into ITEM_TREATMENT (ADPRC_NO,ITEM_CODE,IT_QTY_USED,IT_ITEM_TOTAL_COST) values (193942,'PS318',2,9.52);
Insert into ITEM_TREATMENT (ADPRC_NO,ITEM_CODE,IT_QTY_USED,IT_ITEM_TOTAL_COST) values (196029,'TE001',1,1.72);
Insert into ITEM_TREATMENT (ADPRC_NO,ITEM_CODE,IT_QTY_USED,IT_ITEM_TOTAL_COST) values (196029,'AT258',7,7.98);

commit;
