<?xml version = '1.0' encoding = 'UTF-8'?>
<Table class="oracle.dbtools.crest.model.design.relational.Table" directorySegmentName="seg_0" id="D245B6DC-34BF-BDAC-F9B8-C02E458B87DB" name="WARD">
<createdBy>kr</createdBy>
<createdTime>2019-04-30 08:37:21 UTC</createdTime>
<generatorID>B06D5AA5-A006-F629-4889-51E6AD5E8387</generatorID>
<ownerDesignName>mh_logical</ownerDesignName>
<allowColumnReorder>false</allowColumnReorder>
<existDependencyGenerateInDDl>true</existDependencyGenerateInDDl>
<parsed>true</parsed>
<columns itemClass="oracle.dbtools.crest.model.design.relational.Column">
<Column name="wardCode" id="D32F6C3C-7586-F2E1-E7A5-0D3D35F6E88E">
<createdBy>kr</createdBy>
<createdTime>2019-04-30 08:37:21 UTC</createdTime>
<commentInRDBMS>Ward code</commentInRDBMS>
<generatorID>B7CAE337-1E21-FEF5-56DB-F66741C3A2AF</generatorID>
<ownerDesignName>mh_logical</ownerDesignName>
<useDomainConstraints>false</useDomainConstraints>
<use>1</use>
<logicalDatatype>LOGDT019</logicalDatatype>
<dataTypePrecision>7</dataTypePrecision>
<ownDataTypeParameters>,7,</ownDataTypeParameters>
<autoIncrementColumn>true</autoIncrementColumn>
<autoIncrementCycle>false</autoIncrementCycle>
<autoIncrementGenerateTrigger>false</autoIncrementGenerateTrigger>
</Column>
<Column name="numBeds" id="BA81CFBB-5E83-85BE-509E-E6F746335950">
<createdBy>kr</createdBy>
<createdTime>2019-04-30 08:37:21 UTC</createdTime>
<commentInRDBMS>Current number of  beds in the ward</commentInRDBMS>
<generatorID>3FACCFB7-78DF-D132-A1F7-9DDFE4D12955</generatorID>
<ownerDesignName>mh_logical</ownerDesignName>
<useDomainConstraints>false</useDomainConstraints>
<use>1</use>
<logicalDatatype>LOGDT019</logicalDatatype>
<dataTypePrecision>5</dataTypePrecision>
<checkConstraint>
<implementationDef dbType="Oracle Database 11g" definition="numBeds &gt;= 0"/>
</checkConstraint>
<ownDataTypeParameters>,5,</ownDataTypeParameters>
<autoIncrementCycle>false</autoIncrementCycle>
</Column>
<Column name="numEmptyBeds" id="DC2E9D69-159E-B327-5AA2-0909D2F87B82">
<createdBy>kr</createdBy>
<createdTime>2019-04-30 08:37:21 UTC</createdTime>
<commentInRDBMS>Current number of unused (empty) beds</commentInRDBMS>
<generatorID>511730A9-326A-870B-23CF-9070636CCC51</generatorID>
<ownerDesignName>mh_logical</ownerDesignName>
<useDomainConstraints>false</useDomainConstraints>
<use>1</use>
<logicalDatatype>LOGDT019</logicalDatatype>
<dataTypePrecision>5</dataTypePrecision>
<checkConstraint>
<implementationDef dbType="Oracle Database 11g" definition="numEmptyBeds &gt;= 0"/>
</checkConstraint>
<ownDataTypeParameters>,5,</ownDataTypeParameters>
<autoIncrementCycle>false</autoIncrementCycle>
</Column>
<Column name="wardName" id="8C78668D-FB60-FA31-3752-57AE6435D53F">
<createdBy>kr</createdBy>
<createdTime>2019-04-30 12:21:22 UTC</createdTime>
<commentInRDBMS>Ward name</commentInRDBMS>
<generatorID>9CB7E52E-9938-734B-32CA-CCDBB1231A8B</generatorID>
<ownerDesignName>mh_logical</ownerDesignName>
<useDomainConstraints>false</useDomainConstraints>
<use>1</use>
<logicalDatatype>LOGDT024</logicalDatatype>
<dataTypeSize>50</dataTypeSize>
<ownDataTypeParameters>50,,</ownDataTypeParameters>
<autoIncrementCycle>false</autoIncrementCycle>
</Column>
</columns>
<indexes itemClass="oracle.dbtools.crest.model.design.relational.Index">
<ind_PK_UK id="466D96B4-D3F4-0B1D-2C00-EBF66F27FE4F" name="WARD_PK">
<createdBy>kr</createdBy>
<createdTime>2019-04-30 08:37:21 UTC</createdTime>
<generatorID>5651CB54-4A00-01EA-9CEA-D43AA5C0D3C1</generatorID>
<ownerDesignName>mh_logical</ownerDesignName>
<pk>true</pk>
<indexState>Primary Constraint</indexState>
<isSurrogateKey>false</isSurrogateKey>
<indexColumnUsage>
<colUsage columnID="D32F6C3C-7586-F2E1-E7A5-0D3D35F6E88E"/>
</indexColumnUsage>
</ind_PK_UK>
</indexes>
</Table>